lambda_N2,sigma_N2,lambda_N4,sigma_N4,lambda_N8,sigma_N8
1.0,0.321095,1.0,0.04804666666666665,1.0,0.09015999999999999
1.0013013013013012,0.624492795549025,1.0013013013013012,0.45638403403900035,1.0013013013013012,0.3091071349058607
1.0026026026026027,0.5961795797667726,1.0026026026026027,0.4321020479904132,1.0026026026026027,0.2686984550341258
1.003903903903904,0.5809795828460746,1.003903903903904,0.40689573696523224,1.003903903903904,0.17652118905440214
1.0052052052052052,0.5843405962252861,1.0052052052052052,0.3796485904340959,1.0052052052052052,0.15552750835176402
1.0065065065065064,0.5801150587426258,1.0065065065065064,0.34795266729029173,1.0065065065065064,0.2289603333457806
1.0078078078078079,0.5871381057183673,1.0078078078078079,0.31954607591897444,1.0078078078078079,0.24248307335533034
1.0091091091091091,0.5791945023708371,1.0091091091091091,0.33038234166510183,1.0091091091091091,0.2317178923778637
1.0104104104104104,0.5753055369828564,1.0104104104104104,0.34691003034860385,1.0104104104104104,0.2642380412471222
1.0117117117117118,0.5669696540819362,1.0117117117117118,0.36966591098532114,1.0117117117117118,0.29357138383591047
1.013013013013013,0.5773943096079105,1.013013013013013,0.3904737251870105,1.013013013013013,0.2694850190482073
1.0143143143143143,0.5870602838020664,1.0143143143143143,0.4132582927200022,1.0143143143143143,0.25138793028880485
1.0156156156156155,0.576413879980657,1.0156156156156155,0.4275574591433234,1.0156156156156155,0.2576329416644002
1.016916916916917,0.5496312263239779,1.016916916916917,0.4122545868036657,1.016916916916917,0.2704299288037948
1.0182182182182182,0.5083928920658465,1.0182182182182182,0.3957087280023995,1.0182182182182182,0.31172897090632334
1.0195195195195195,0.4854447964890265,1.0195195195195195,0.3694703194990623,1.0195195195195195,0.3448627642626562
1.0208208208208207,0.48567611031404945,1.0208208208208207,0.33603030828563246,1.0208208208208207,0.29910320994896067
1.0221221221221222,0.49949459865360923,1.0221221221221222,0.32472860247503177,1.0221221221221222,0.2566357639358794
1.0234234234234234,0.5432802627119359,1.0234234234234234,0.327800515743091,1.0234234234234234,0.2480125722352477
1.0247247247247246,0.5822199699805154,1.0247247247247246,0.3416595087807523,1.0247247247247246,0.3298854330602318
1.026026026026026,0.620377406782719,1.026026026026026,0.3515850504278959,1.026026026026026,0.35143434551756825
1.0273273273273273,0.6596792780179883,1.0273273273273273,0.3576769299722251,1.0273273273273273,0.3740409810404169
1.0286286286286286,0.6857129578381884,1.0286286286286286,0.36187703794524356,1.0286286286286286,0.3941272651022675
1.0299299299299298,0.7015276728840303,1.0299299299299298,0.3709584162085777,1.0299299299299298,0.4013141664465801
1.0312312312312313,0.7183157388319393,1.0312312312312313,0.38507538922667384,1.0312312312312313,0.3755519363380757
1.0325325325325325,0.7321772731078238,1.0325325325325325,0.4137039277629782,1.0325325325325325,0.3663088923577618
1.0338338338338338,0.7206497322434163,1.0338338338338338,0.45769891295084814,1.0338338338338338,0.40625516970354447
1.0351351351351352,0.6907157663482972,1.0351351351351352,0.5022943573255626,1.0351351351351352,0.4635333465893344
1.0364364364364365,0.6678636972936391,1.0364364364364365,0.5364251249302322,1.0364364364364365,0.4523609526444655
1.0377377377377377,0.6705921102145805,1.0377377377377377,0.5584159122865605,1.0377377377377377,0.4354332570859235
1.039039039039039,0.6828185259360333,1.039039039039039,0.5610344703736481,1.039039039039039,0.42640714797259943
1.0403403403403404,0.709659449655391,1.0403403403403404,0.5691243215800187,1.0403403403403404,0.4407997363878483
1.0416416416416416,0.7294425110709922,1.0416416416416416,0.5847828889084882,1.0416416416416416,0.47891139393979154
1.0429429429429429,0.743191680736221,1.0429429429429429,0.6116970701124694,1.0429429429429429,0.5162153628703334
1.0442442442442443,0.7507705743769113,1.0442442442442443,0.6528613540080267,1.0442442442442443,0.5191654558521608
1.0455455455455456,0.7428462034306339,1.0455455455455456,0.6964862547899915,1.0455455455455456,0.5066028669730036
1.0468468468468468,0.7393463479225638,1.0468468468468468,0.7310846008084931,1.0468468468468468,0.5177487934286136
1.048148148148148,0.7325238751672353,1.048148148148148,0.7451378915853272,1.048148148148148,0.516807364452829
1.0494494494494495,0.7101911059057534,1.0494494494494495,0.755376132742679,1.0494494494494495,0.5144202898871377
1.0507507507507508,0.6937155404142068,1.0507507507507508,0.754279945403661,1.0507507507507508,0.5066343494842975
1.052052052052052,0.6881229295389504,1.052052052052052,0.7433678740991255,1.052052052052052,0.5306036275773394
1.0533533533533534,0.6833821282114607,1.0533533533533534,0.7304165167196759,1.0533533533533534,0.5504977721010931
1.0546546546546547,0.6940142661642724,1.0546546546546547,0.7221251580621653,1.0546546546546547,0.5783432527596547
1.055955955955956,0.7157826521021992,1.055955955955956,0.7320743841109497,1.055955955955956,0.5973735444983745
1.0572572572572572,0.734348422494367,1.0572572572572572,0.7522900781012974,1.0572572572572572,0.6098664472057735
1.0585585585585586,0.7622185000618429,1.0585585585585586,0.7842562730062085,1.0585585585585586,0.5912659602393856
1.0598598598598599,0.7925864306662018,1.0598598598598599,0.830280759841612,1.0598598598598599,0.5770539041338107
1.061161161161161,0.8216784871812974,1.061161161161161,0.8643541988154256,1.061161161161161,0.6007509351796144
1.0624624624624626,0.8539359064423269,1.0624624624624626,0.8883440726353101,1.0624624624624626,0.6308320610713126
1.0637637637637638,0.8864323915641148,1.0637637637637638,0.9083730713092213,1.0637637637637638,0.6583932501703496
1.065065065065065,0.9258358988357546,1.065065065065065,0.9265455107099347,1.065065065065065,0.6742773470722024
1.0663663663663663,0.9400454631656372,1.0663663663663663,0.9411014251505107,1.0663663663663663,0.6797921032756143
1.0676676676676677,0.9263112005644891,1.0676676676676677,0.9486209462739356,1.0676676676676677,0.6484669178595504
1.068968968968969,0.8904997077225676,1.068968968968969,0.9454876784099552,1.068968968968969,0.6320973237420867
1.0702702702702702,0.8585901973183437,1.0702702702702702,0.9213607137155941,1.0702702702702702,0.6198088169027246
1.0715715715715715,0.8728537150386046,1.0715715715715715,0.9064767968699248,1.0715715715715715,0.6587770197707401
1.072872872872873,0.8974605932025145,1.072872872872873,0.9134929364957108,1.072872872872873,0.685375071998771
1.0741741741741742,0.926992935986814,1.0741741741741742,0.9309926623551016,1.0741741741741742,0.7129806573397831
1.0754754754754754,0.9383547051550694,1.0754754754754754,0.955247126549807,1.0754754754754754,0.7066965562001212
1.0767767767767769,0.9449482842009757,1.0767767767767769,0.9806722605347012,1.0767767767767769,0.6655321771345142
1.078078078078078,0.954472304313785,1.078078078078078,1.008373058336336,1.078078078078078,0.6459965109819329
1.0793793793793793,0.9650377677669956,1.0793793793793793,1.0271500606118469,1.0793793793793793,0.7302953831355661
1.0806806806806806,0.9615166741309797,1.0806806806806806,1.0363419130541844,1.0806806806806806,0.7908527160508112
1.081981981981982,0.9515395237866647,1.081981981981982,1.039556594812495,1.081981981981982,0.7974457701393457
1.0832832832832833,0.9386346624394402,1.0832832832832833,1.0369108130814475,1.0832832832832833,0.8030116801569485
1.0845845845845845,0.9223116891482087,1.0845845845845845,1.0211147375001899,1.0845845845845845,0.7883982671920579
1.085885885885886,0.9156622100848136,1.085885885885886,0.9951463314313185,1.085885885885886,0.7902249869397212
1.0871871871871872,0.9234964249650177,1.0871871871871872,0.956859591361777,1.0871871871871872,0.7872131821071304
1.0884884884884884,0.932278287472613,1.0884884884884884,0.9430902603620336,1.0884884884884884,0.773668446561717
1.0897897897897897,0.947955018086282,1.0897897897897897,0.9578254732913521,1.0897897897897897,0.793927616892768
1.0910910910910911,0.979180818063014,1.0910910910910911,0.9838503422167485,1.0910910910910911,0.8160300591973909
1.0923923923923924,1.0157873620432236,1.0923923923923924,1.0249489053249279,1.0923923923923924,0.8349093124625295
1.0936936936936936,1.051262466815187,1.0936936936936936,1.066530962321952,1.0936936936936936,0.8505911309144107
1.094994994994995,1.063473610577705,1.094994994994995,1.1007258751991618,1.094994994994995,0.8271587741922464
1.0962962962962963,1.0578644323012454,1.0962962962962963,1.1290493517368254,1.0962962962962963,0.8370663641423091
1.0975975975975976,1.0548478684723388,1.0975975975975976,1.1371860425650129,1.0975975975975976,0.8816274026774963
1.0988988988988988,1.0827884722087726,1.0988988988988988,1.1431342654948784,1.0988988988988988,0.9040455001452715
1.1002002002002003,1.1148976499536503,1.1002002002002003,1.1390590373944076,1.1002002002002003,0.8868911506689929
1.1015015015015015,1.1439764842069717,1.1015015015015015,1.1302974255445328,1.1015015015015015,0.888062572321334
1.1028028028028027,1.1706085466488863,1.1028028028028027,1.1237997543510392,1.1028028028028027,0.8824129165728971
1.104104104104104,1.196259084950568,1.104104104104104,1.127926646707375,1.104104104104104,0.8950177775102764
1.1054054054054054,1.235958492255559,1.1054054054054054,1.1340885029662882,1.1054054054054054,0.9126748348554182
1.1067067067067067,1.250158756374526,1.1067067067067067,1.1423048585043931,1.1067067067067067,0.8968552903257093
1.108008008008008,1.2646810781302702,1.108008008008008,1.1446420003873088,1.108008008008008,0.9042875878668056
1.1093093093093094,1.2673447590288105,1.1093093093093094,1.145046289995939,1.1093093093093094,0.9315886713380088
1.1106106106106106,1.2153512933274786,1.1106106106106106,1.1213496879325586,1.1106106106106106,0.9702694260526832
1.1119119119119119,1.1854548205540736,1.1119119119119119,1.0984600941057654,1.1119119119119119,0.9606402131718269
1.1132132132132133,1.1566270154336666,1.1132132132132133,1.0859765156789705,1.1132132132132133,0.9293309604094582
1.1145145145145146,1.1414848229837697,1.1145145145145146,1.0985320455847494,1.1145145145145146,0.9028770256549217
1.1158158158158158,1.1359140690344516,1.1158158158158158,1.0993387916608144,1.1158158158158158,0.9232796920098911
1.117117117117117,1.1410142888481234,1.117117117117117,1.1057479507228527,1.117117117117117,0.9845514338068325
1.1184184184184185,1.1659057949706388,1.1184184184184185,1.110991937330493,1.1184184184184185,1.0233169173311252
1.1197197197197197,1.2022483232250807,1.1197197197197197,1.117319234723223,1.1197197197197197,1.0193795170328372
1.121021021021021,1.2454457195128117,1.121021021021021,1.1249319043185964,1.121021021021021,1.0312420524026298
1.1223223223223222,1.2584271159580038,1.1223223223223222,1.1368325357939255,1.1223223223223222,1.0410757234423347
1.1236236236236237,1.262587914532074,1.1236236236236237,1.1509912339439206,1.1236236236236237,1.0660023440241244
1.124924924924925,1.2678859513816512,1.124924924924925,1.1672864962131289,1.124924924924925,1.088670668648902
1.1262262262262261,1.2812426859949775,1.1262262262262261,1.1781169183835278,1.1262262262262261,1.1015278237040995
1.1275275275275276,1.3017552878738152,1.1275275275275276,1.1911827600052876,1.1275275275275276,1.1109680004093778
1.1288288288288288,1.3202231139006704,1.1288288288288288,1.1973676497286385,1.1288288288288288,1.121577964853744
1.13013013013013,1.3410341429258545,1.13013013013013,1.1999906292926281,1.13013013013013,1.1314186437295555
1.1314314314314313,1.3475251087529647,1.1314314314314313,1.2029550211753957,1.1314314314314313,1.1301609975830407
1.1327327327327328,1.3438511175208592,1.1327327327327328,1.2064593448685703,1.1327327327327328,1.090510039568728
1.134034034034034,1.3392077873616013,1.134034034034034,1.2105221429170074,1.134034034034034,1.0533937895698426
1.1353353353353353,1.325094990025084,1.1353353353353353,1.2289629411073184,1.1353353353353353,1.0608140265452624
1.1366366366366365,1.3339372454802554,1.1366366366366365,1.2561840141395553,1.1366366366366365,1.105366582006229
1.137937937937938,1.359745988097495,1.137937937937938,1.2644495850577986,1.137937937937938,1.1430867073389082
1.1392392392392392,1.3906629376418178,1.1392392392392392,1.272200383426575,1.1392392392392392,1.1675170348545012
1.1405405405405404,1.4443218918272862,1.1405405405405404,1.295495272650231,1.1405405405405404,1.1824384463795938
1.141841841841842,1.494762323882973,1.141841841841842,1.3359145931899852,1.141841841841842,1.166658411758607
1.1431431431431431,1.5287289662861596,1.1431431431431431,1.3637808156305713,1.1431431431431431,1.1509852043954822
1.1444444444444444,1.5360761994905578,1.1444444444444444,1.3999985755820052,1.1444444444444444,1.153066479016593
1.1457457457457458,1.535568300762051,1.1457457457457458,1.4358836108852067,1.1457457457457458,1.164905664039348
1.147047047047047,1.5408467061308344,1.147047047047047,1.4705356166428156,1.147047047047047,1.2053879706550696
1.1483483483483483,1.5552311516868476,1.1483483483483483,1.4979202771576958,1.1483483483483483,1.2208392542925144
1.1496496496496496,1.583753720729733,1.1496496496496496,1.5040145062321022,1.1496496496496496,1.243668567523083
1.150950950950951,1.6175524389788305,1.150950950950951,1.5188525695729747,1.150950950950951,1.253752609774174
1.1522522522522523,1.6365005648989084,1.1522522522522523,1.535040760862892,1.1522522522522523,1.2326467751581753
1.1535535535535535,1.6477048453302228,1.1535535535535535,1.5386544261804123,1.1535535535535535,1.223069033136137
1.1548548548548547,1.641143956849537,1.1548548548548547,1.5292898176032566,1.1548548548548547,1.2439297073372784
1.1561561561561562,1.6329250861240876,1.1561561561561562,1.5114634434120957,1.1561561561561562,1.235099165278355
1.1574574574574574,1.6092940868125911,1.1574574574574574,1.506497354289099,1.1574574574574574,1.2328182160907626
1.1587587587587587,1.6006488576695186,1.1587587587587587,1.5141898163175227,1.1587587587587587,1.257470603064508
1.1600600600600601,1.61042339468332,1.1600600600600601,1.5430508201055393,1.1600600600600601,1.2752268809600664
1.1613613613613614,1.6347616806570717,1.1613613613613614,1.5780850644279816,1.1613613613613614,1.2877735222779747
1.1626626626626626,1.6629296593584055,1.1626626626626626,1.6134056343959526,1.1626626626626626,1.2919898376843804
1.163963963963964,1.6772115611504104,1.163963963963964,1.6408731900453206,1.163963963963964,1.3209373785113356
1.1652652652652653,1.688597399789805,1.1652652652652653,1.6535487100667356,1.1652652652652653,1.3356035034611022
1.1665665665665665,1.6751010275523337,1.1665665665665665,1.6590114542061478,1.1665665665665665,1.3343325114024718
1.1678678678678678,1.6656770910200513,1.1678678678678678,1.6399755897932486,1.1678678678678678,1.3273453409142406
1.169169169169169,1.6784821049855165,1.169169169169169,1.6169373830759695,1.169169169169169,1.2935874335066282
1.1704704704704705,1.7006757957530316,1.1704704704704705,1.5970982762162633,1.1704704704704705,1.2793692130777519
1.1717717717717717,1.7283326728502035,1.1717717717717717,1.6056075926564393,1.1717717717717717,1.304123892858684
1.173073073073073,1.73830691107077,1.173073073073073,1.6164640346566557,1.173073073073073,1.333000374760339
1.1743743743743744,1.7237260208941656,1.1743743743743744,1.647649292711975,1.1743743743743744,1.3533992232907992
1.1756756756756757,1.7140708844296115,1.1756756756756757,1.685489800987738,1.1756756756756757,1.3719892254949002
1.176976976976977,1.7095898229397233,1.176976976976977,1.7116676151595893,1.176976976976977,1.3778185933274603
1.1782782782782784,1.7074341078387474,1.1782782782782784,1.7347454546722048,1.1782782782782784,1.3863464257819076
1.1795795795795796,1.7067878918425716,1.1795795795795796,1.7536755045679762,1.1795795795795796,1.386939377826897
1.1808808808808808,1.706895033879039,1.1808808808808808,1.7756727365644451,1.1808808808808808,1.386358773596068
1.182182182182182,1.7097410581599806,1.182182182182182,1.8039595768012306,1.182182182182182,1.378591230359763
1.1834834834834835,1.6993294926987272,1.1834834834834835,1.830672064008908,1.1834834834834835,1.388167588752641
1.1847847847847848,1.69350051444549,1.1847847847847848,1.8213981323562838,1.1847847847847848,1.4209432514515483
1.186086086086086,1.69186127173805,1.186086086086086,1.8067843297877593,1.186086086086086,1.4356157114262242
1.1873873873873872,1.7058836515534552,1.1873873873873872,1.786316012453011,1.1873873873873872,1.4457481106019636
1.1886886886886887,1.7218428292021428,1.1886886886886887,1.766384191160564,1.1886886886886887,1.4332980376649644
1.18998998998999,1.7279206785945822,1.18998998998999,1.7502792975745234,1.18998998998999,1.4202476961452057
1.1912912912912912,1.728221164579518,1.1912912912912912,1.7563965765478402,1.1912912912912912,1.4016571541387923
1.1925925925925926,1.7132206889093449,1.1925925925925926,1.767001482553387,1.1925925925925926,1.3943277621415402
1.1938938938938939,1.7250587500282006,1.1938938938938939,1.7877768519294237,1.1938938938938939,1.4271809086502434
1.1951951951951951,1.7535269988572826,1.1951951951951951,1.7980806099928763,1.1951951951951951,1.45873048536389
1.1964964964964966,1.770907955130423,1.1964964964964966,1.8005112287527811,1.1964964964964966,1.505448652029994
1.1977977977977978,1.7676453862694776,1.1977977977977978,1.7921363632480176,1.1977977977977978,1.519001386537498
1.199099099099099,1.7599099425808813,1.199099099099099,1.76986012754433,1.199099099099099,1.5288379709604498
1.2004004004004003,1.7499218439310897,1.2004004004004003,1.7541471858041096,1.2004004004004003,1.5292170267004004
1.2017017017017018,1.7522826307525343,1.2017017017017018,1.7395853057142403,1.2017017017017018,1.5184094889406738
1.203003003003003,1.7564775217962203,1.203003003003003,1.7340552731067047,1.203003003003003,1.4960919066886864
1.2043043043043042,1.7463298098853284,1.2043043043043042,1.7358947132709748,1.2043043043043042,1.4825231995666766
1.2056056056056055,1.733821993414344,1.2056056056056055,1.7562857383809771,1.2056056056056055,1.4924372221935829
1.206906906906907,1.7524590223624432,1.206906906906907,1.785504914097561,1.206906906906907,1.4811919601069259
1.2082082082082082,1.7746900874914526,1.2082082082082082,1.8179906663988594,1.2082082082082082,1.4821886173438468
1.2095095095095094,1.8095114020688003,1.2095095095095094,1.8617522566126026,1.2095095095095094,1.5335433235196685
1.2108108108108109,1.8482852553326574,1.2108108108108109,1.905154738609941,1.2108108108108109,1.5625540489330647
1.2121121121121121,1.906047007207305,1.2121121121121121,1.9301743617171248,1.2121121121121121,1.5960891130759411
1.2134134134134134,1.962695998219988,1.2134134134134134,1.9482374057143723,1.2134134134134134,1.6145086648293607
1.2147147147147146,2.0023909928306516,1.2147147147147146,1.95989945312511,1.2147147147147146,1.5844844783094814
1.216016016016016,2.0339179796565543,1.216016016016016,1.9752796203445702,1.216016016016016,1.5648231963893482
1.2173173173173173,2.0511958463036164,1.2173173173173173,2.012627773648899,1.2173173173173173,1.5568232112356468
1.2186186186186185,2.0521635444375046,1.2186186186186185,2.058263953908227,1.2186186186186185,1.538137595109872
1.2199199199199198,2.042863255105322,1.2199199199199198,2.0921240728169344,1.2199199199199198,1.5594228179284289
1.2212212212212212,2.034705187694447,1.2212212212212212,2.113417163002533,1.2212212212212212,1.5784037571642247
1.2225225225225225,2.003785466813897,1.2225225225225225,2.1302044164765737,1.2225225225225225,1.5932344859737761
1.2238238238238237,1.9743153126197432,1.2238238238238237,2.145488878621873,1.2238238238238237,1.6144925411389202
1.2251251251251252,1.9557799131174605,1.2251251251251252,2.1641278283360736,1.2251251251251252,1.5867888570791018
1.2264264264264264,1.9527529868306295,1.2264264264264264,2.183219997741252,1.2264264264264264,1.5817606876347619
1.2277277277277276,1.9707412257735828,1.2277277277277276,2.1897581554942573,1.2277277277277276,1.5814703537520274
1.229029029029029,1.9826725067896298,1.229029029029029,2.192936546848452,1.229029029029029,1.608184041346646
1.2303303303303303,1.9925022089488547,1.2303303303303303,2.1966369348456976,1.2303303303303303,1.6464253509803168
1.2316316316316316,2.0103601485703364,1.2316316316316316,2.1995019530563877,1.2316316316316316,1.659147282602967
1.2329329329329328,2.0498707739982347,1.2329329329329328,2.201834724259568,1.2329329329329328,1.6556280975261672
1.2342342342342343,2.0967535669309094,1.2342342342342343,2.2116351022557557,1.2342342342342343,1.6504471987098435
1.2355355355355355,2.138356748926196,1.2355355355355355,2.222839761253239,1.2355355355355355,1.6702338267990746
1.2368368368368368,2.1868328818706395,1.2368368368368368,2.2368544488435456,1.2368368368368368,1.6641269419842981
1.238138138138138,2.2339722746993527,1.238138138138138,2.24679694619358,1.238138138138138,1.6711094626539627
1.2394394394394395,2.252984583959464,1.2394394394394395,2.243342211808643,1.2394394394394395,1.6883431179946153
1.2407407407407407,2.2604154888066184,1.2407407407407407,2.2363727505144997,1.2407407407407407,1.7083301212016804
1.242042042042042,2.255856917936861,1.242042042042042,2.223824326282529,1.242042042042042,1.7006585206479368
1.2433433433433434,2.2437377108626144,1.2433433433433434,2.210009660531469,1.2433433433433434,1.6597821719277963
1.2446446446446446,2.2170693760747806,1.2446446446446446,2.1769948507414107,1.2446446446446446,1.6514019031652147
1.2459459459459459,2.1854717414992666,1.2459459459459459,2.134163075190607,1.2459459459459459,1.674707538673672
1.2472472472472473,2.1639333281013853,1.2472472472472473,2.1003385753189883,1.2472472472472473,1.709696180689313
1.2485485485485486,2.148928934717458,1.2485485485485486,2.07218878269111,1.2485485485485486,1.7123475002232251
1.2498498498498498,2.1299814338292262,1.2498498498498498,2.069543928243568,1.2498498498498498,1.711322445442054
1.251151151151151,2.133302897825701,1.251151151151151,2.0906927687838697,1.251151151151151,1.7309888025067082
1.2524524524524523,2.1514906099932385,1.2524524524524523,2.114586026306679,1.2524524524524523,1.7585369229635588
1.2537537537537538,2.1817395264662416,1.2537537537537538,2.147971636429875,1.2537537537537538,1.7557169734159241
1.255055055055055,2.2238406495166925,1.255055055055055,2.178507334304815,1.255055055055055,1.7838200458010867
1.2563563563563562,2.259939620144457,1.2563563563563562,2.195624551166633,1.2563563563563562,1.7670690156986317
1.2576576576576577,2.300315029925833,1.2576576576576577,2.206324068372034,1.2576576576576577,1.7857459689543327
1.258958958958959,2.2967365848493353,1.258958958958959,2.220995051171341,1.258958958958959,1.7665274858031552
1.2602602602602602,2.27854878595833,1.2602602602602602,2.2328502642410206,1.2602602602602602,1.7480950712962062
1.2615615615615616,2.254292859207345,1.2615615615615616,2.243811632077976,1.2615615615615616,1.7281278678539411
1.2628628628628629,2.244093826711021,1.2628628628628629,2.2492580122342782,1.2628628628628629,1.7420285471560661
1.264164164164164,2.2502657852280947,1.264164164164164,2.2480390538763912,1.264164164164164,1.7952979689648227
1.2654654654654656,2.269676697641539,1.2654654654654656,2.2426848050486643,1.2654654654654656,1.8315717463007242
1.2667667667667668,2.2777957094788306,1.2667667667667668,2.2311621844382965,1.2667667667667668,1.8134232231554512
1.268068068068068,2.2859620534098406,1.268068068068068,2.219382519716184,1.268068068068068,1.801075166790018
1.2693693693693693,2.292332720375765,1.2693693693693693,2.2184002914974585,1.2693693693693693,1.8215643949004154
1.2706706706706705,2.285063171478294,1.2706706706706705,2.2221876195998265,1.2706706706706705,1.8491865922278374
1.271971971971972,2.2820820636489243,1.271971971971972,2.234540231598138,1.271971971971972,1.8679607546447479
1.2732732732732732,2.287124810268792,1.2732732732732732,2.2450751485046996,1.2732732732732732,1.8697738444085492
1.2745745745745745,2.2918717746673325,1.2745745745745745,2.244527907676604,1.2745745745745745,1.902303085366767
1.275875875875876,2.3075599130363367,1.275875875875876,2.2387745355164443,1.275875875875876,1.9301325718186697
1.2771771771771772,2.3245532539445333,1.2771771771771772,2.2306711248483304,1.2771771771771772,1.959561493533272
1.2784784784784784,2.3118211550256422,1.2784784784784784,2.2205248338975108,1.2784784784784784,1.965040694299245
1.2797797797797799,2.284837868279671,1.2797797797797799,2.2065591600516505,1.2797797797797799,1.9367758421327252
1.281081081081081,2.2474031372989876,1.281081081081081,2.1930818493208526,1.281081081081081,1.9052125332613243
1.2823823823823823,2.236087120605155,1.2823823823823823,2.1810977907913554,1.2823823823823823,1.8928401029469604
1.2836836836836836,2.226973359143226,1.2836836836836836,2.1752777097325082,1.2836836836836836,1.9244816606688626
1.2849849849849848,2.2342977908553565,1.2849849849849848,2.1785319756767954,1.2849849849849848,1.9457729358751927
1.2862862862862863,2.259518157430848,1.2862862862862863,2.1878115940513325,1.2862862862862863,1.946483962357047
1.2875875875875875,2.2896043971172726,1.2875875875875875,2.1956169464457846,1.2875875875875875,1.944793368157693
1.2888888888888888,2.3322709049632095,1.2888888888888888,2.2116341173387064,1.2888888888888888,1.9514655777315966
1.2901901901901902,2.3546307443765517,1.2901901901901902,2.226773428795702,1.2901901901901902,1.9475384738518293
1.2914914914914915,2.3562012965082983,1.2914914914914915,2.239943163174412,1.2914914914914915,1.9624991069888096
1.2927927927927927,2.33745555859877,1.2927927927927927,2.2520361811861336,1.2927927927927927,1.990205096880762
1.2940940940940941,2.3335186018369543,1.2940940940940941,2.261777011271409,1.2940940940940941,2.0085568791901993
1.2953953953953954,2.3441763406692666,1.2953953953953954,2.262830341360052,1.2953953953953954,2.0102863377442626
1.2966966966966966,2.375162440879047,1.2966966966966966,2.265741460929188,1.2966966966966966,2.0196206923052116
1.297997997997998,2.4060786754936125,1.297997997997998,2.2799809497829195,1.297997997997998,2.0104275667335534
1.2992992992992993,2.43829766148803,1.2992992992992993,2.291035776868355,1.2992992992992993,2.0220371324548796
1.3006006006006006,2.4773488107081985,1.3006006006006006,2.309797835406679,1.3006006006006006,2.0413080116165583
1.3019019019019018,2.518820033807014,1.3019019019019018,2.343423576657388,1.3019019019019018,2.079376379481552
1.303203203203203,2.5475862145895274,1.303203203203203,2.371604946320837,1.303203203203203,2.0801502042399505
1.3045045045045045,2.563370090184708,1.3045045045045045,2.3867008771016973,1.3045045045045045,2.043689659990437
1.3058058058058057,2.5490821181705208,1.3058058058058057,2.389796168104589,1.3058058058058057,2.025064982249455
1.307107107107107,2.5139032272931856,1.307107107107107,2.389638143397693,1.307107107107107,2.066660125173945
1.3084084084084084,2.4911877086177765,1.3084084084084084,2.39105239811335,1.3084084084084084,2.107324105416212
1.3097097097097097,2.4791978422013843,1.3097097097097097,2.4015059430070385,1.3097097097097097,2.121228596041292
1.311011011011011,2.487798056466235,1.311011011011011,2.4146481924222196,1.311011011011011,2.098728412532929
1.3123123123123124,2.4977164834624475,1.3123123123123124,2.437053668632212,1.3123123123123124,2.0608857944928998
1.3136136136136136,2.508508634523161,1.3136136136136136,2.466211445486886,1.3136136136136136,2.073535095376963
1.3149149149149149,2.519508006711225,1.3149149149149149,2.4996760204809543,1.3149149149149149,2.1062216975681305
1.316216216216216,2.550206139505534,1.316216216216216,2.526491963684582,1.316216216216216,2.116610282599024
1.3175175175175173,2.583399777727754,1.3175175175175173,2.5509190575004363,1.3175175175175173,2.1036904564330356
1.3188188188188188,2.596744526068288,1.3188188188188188,2.572572758900637,1.3188188188188188,2.071557208708472
1.32012012012012,2.610382099923679,1.32012012012012,2.5752723652418883,1.32012012012012,2.0984448122730543
1.3214214214214213,2.6273675438692887,1.3214214214214213,2.569423265669134,1.3214214214214213,2.114422994380191
1.3227227227227227,2.629215878857464,1.3227227227227227,2.558405577009132,1.3227227227227227,2.125650714163933
1.324024024024024,2.6454352893057447,1.324024024024024,2.5460719750503387,1.324024024024024,2.1094910834166956
1.3253253253253252,2.660815967444952,1.3253253253253252,2.536775528981616,1.3253253253253252,2.1160695828044593
1.3266266266266267,2.658862088130184,1.3266266266266267,2.529318937646624,1.3266266266266267,2.102374963274803
1.327927927927928,2.634502838631409,1.327927927927928,2.52931281962099,1.327927927927928,2.1029584123177827
1.3292292292292291,2.642033328146842,1.3292292292292291,2.5268187711960675,1.3292292292292291,2.1007038843204984
1.3305305305305306,2.6623087007271296,1.3305305305305306,2.5191221062907796,1.3305305305305306,2.1144455440894636
1.3318318318318318,2.662545746282656,1.3318318318318318,2.509285529257635,1.3318318318318318,2.1655051441547815
1.333133133133133,2.6487249541423035,1.333133133133133,2.497960379492122,1.333133133133133,2.1653378930992235
1.3344344344344343,2.6498157733678047,1.3344344344344343,2.4881464018411,1.3344344344344343,2.167355077310856
1.3357357357357356,2.6857119510584875,1.3357357357357356,2.4836932603020268,1.3357357357357356,2.1856168585597415
1.337037037037037,2.7278747580625917,1.337037037037037,2.487378737218669,1.337037037037037,2.185451543855645
1.3383383383383383,2.767701253267509,1.3383383383383383,2.49531633294295,1.3383383383383383,2.2090670737312315
1.3396396396396395,2.792401387898229,1.3396396396396395,2.4939092027968317,1.3396396396396395,2.2474792603295626
1.340940940940941,2.8075149849421335,1.340940940940941,2.4990453945767768,1.340940940940941,2.2524581366333023
1.3422422422422422,2.812189394146035,1.3422422422422422,2.517735045874477,1.3422422422422422,2.238444189131799
1.3435435435435434,2.8106836447468133,1.3435435435435434,2.528484443790046,1.3435435435435434,2.2017946601853646
1.344844844844845,2.8072153295192113,1.344844844844845,2.554083798546283,1.344844844844845,2.183529067339335
1.3461461461461461,2.8097162601611423,1.3461461461461461,2.5916247472851484,1.3461461461461461,2.1979780345006135
1.3474474474474474,2.789104060481383,1.3474474474474474,2.626799181691092,1.3474474474474474,2.2117287346749945
1.3487487487487488,2.765695399533679,1.3487487487487488,2.631200792909631,1.3487487487487488,2.1988281363761866
1.35005005005005,2.7540285601346315,1.35005005005005,2.6220711690971834,1.35005005005005,2.186805183770586
1.3513513513513513,2.7447521557898864,1.3513513513513513,2.6058387653633903,1.3513513513513513,2.221944462877184
1.3526526526526526,2.7306665166191078,1.3526526526526526,2.5980708596318505,1.3526526526526526,2.2712310040104438
1.3539539539539538,2.735239362888458,1.3539539539539538,2.5957242104932927,1.3539539539539538,2.2902975350720283
1.3552552552552553,2.7566440335749074,1.3552552552552553,2.594533175700592,1.3552552552552553,2.3006222181034124
1.3565565565565565,2.796219025754443,1.3565565565565565,2.6032519111171895,1.3565565565565565,2.2885150291105143
1.3578578578578577,2.8342885884073947,1.3578578578578577,2.622434089716354,1.3578578578578577,2.3038080900668674
1.3591591591591592,2.862885451387221,1.3591591591591592,2.653167071493184,1.3591591591591592,2.3168456826492494
1.3604604604604604,2.8746911147139023,1.3604604604604604,2.688322755320303,1.3604604604604604,2.3243171627815973
1.3617617617617617,2.8739766840906715,1.3617617617617617,2.7186479344326693,1.3617617617617617,2.2816555902125635
1.3630630630630631,2.8567194665566893,1.3630630630630631,2.73852723377254,1.3630630630630631,2.2630778977720802
1.3643643643643644,2.8383611247827947,1.3643643643643644,2.761001774986731,1.3643643643643644,2.2892898529735404
1.3656656656656656,2.839836709379296,1.3656656656656656,2.7742638411703653,1.3656656656656656,2.313946014318968
1.3669669669669668,2.8497455854589955,1.3669669669669668,2.7688029040399265,1.3669669669669668,2.301360747554464
1.368268268268268,2.873782772912835,1.368268268268268,2.7636985818471085,1.368268268268268,2.285494445606211
1.3695695695695695,2.903539707952167,1.3695695695695695,2.7660522732120607,1.3695695695695695,2.303821592736078
1.3708708708708708,2.920479515006086,1.3708708708708708,2.758823310059802,1.3708708708708708,2.337044382965652
1.372172172172172,2.93477516983128,1.372172172172172,2.751806191752177,1.372172172172172,2.3682158464568195
1.3734734734734735,2.9293211729812816,1.3734734734734735,2.7571805890836907,1.3734734734734735,2.3680733011088413
1.3747747747747747,2.9274272167945283,1.3747747747747747,2.763043388794109,1.3747747747747747,2.370309575724087
1.376076076076076,2.937201074102036,1.376076076076076,2.7767356913747743,1.376076076076076,2.346497187072892
1.3773773773773774,2.955244538535469,1.3773773773773774,2.7920910346835037,1.3773773773773774,2.3814675892314545
1.3786786786786787,2.967417515221835,1.3786786786786787,2.7928410892074975,1.3786786786786787,2.4254551626879897
1.37997997997998,2.9829113042609476,1.37997997997998,2.786172057729097,1.37997997997998,2.4262858096812385
1.3812812812812814,3.0063310630486817,1.3812812812812814,2.770152274647453,1.3812812812812814,2.381195367293035
1.3825825825825826,3.0236996508549128,1.3825825825825826,2.760072172229427,1.3825825825825826,2.3528886577470423
1.3838838838838838,3.0318862657779158,1.3838838838838838,2.7709139920366876,1.3838838838838838,2.347236484789705
1.385185185185185,3.0342167101386246,1.385185185185185,2.800488848203017,1.385185185185185,2.3767782448244668
1.3864864864864863,3.040662995088109,1.3864864864864863,2.837988380904133,1.3864864864864863,2.3861641316636075
1.3877877877877878,3.02672300054252,1.3877877877877878,2.881707280514199,1.3877877877877878,2.4156599361666435
1.389089089089089,2.999019045291451,1.389089089089089,2.9026944767841214,1.389089089089089,2.4378598574071972
1.3903903903903903,2.9682224959980053,1.3903903903903903,2.913778928801747,1.3903903903903903,2.461922708576811
1.3916916916916917,2.9533814539236656,1.3916916916916917,2.915732258326629,1.3916916916916917,2.45382365459446
1.392992992992993,2.959037403764151,1.392992992992993,2.9095192709044935,1.392992992992993,2.427325579465879
1.3942942942942942,2.9752839258259285,1.3942942942942942,2.9177930344250522,1.3942942942942942,2.382127500014267
1.3955955955955957,2.9926957942451087,1.3955955955955957,2.937446538536946,1.3955955955955957,2.3879908007614548
1.396896896896897,3.007469247149543,1.396896896896897,2.95369579953819,1.396896896896897,2.4089397643788892
1.3981981981981981,3.0249559365681042,1.3981981981981981,2.9675266046895756,1.3981981981981981,2.452086163490203
1.3994994994994994,3.0351189737176347,1.3994994994994994,2.9693430565122765,1.3994994994994994,2.475978436197197
1.4008008008008006,3.06120586824653,1.4008008008008006,2.9826344117097467,1.4008008008008006,2.497428429686255
1.402102102102102,3.0899172337764655,1.402102102102102,2.9944988321085897,1.402102102102102,2.528772459742426
1.4034034034034033,3.1010788540567384,1.4034034034034033,3.0097544066520467,1.4034034034034033,2.5538112567316027
1.4047047047047045,3.0962730397847,1.4047047047047045,3.0322696070191473,1.4047047047047045,2.559965241418303
1.406006006006006,3.110393613347395,1.406006006006006,3.0509785965811123,1.406006006006006,2.5512723129119883
1.4073073073073072,3.110028569041966,1.4073073073073072,3.0670083194383158,1.4073073073073072,2.550122790246767
1.4086086086086085,3.119023684128507,1.4086086086086085,3.080759370678948,1.4086086086086085,2.529529388658019
1.40990990990991,3.1331719248861734,1.40990990990991,3.08408203742408,1.40990990990991,2.486236835165667
1.4112112112112112,3.145197667647678,1.4112112112112112,3.088636645276164,1.4112112112112112,2.455565775540575
1.4125125125125124,3.1639384223377323,1.4125125125125124,3.102795414825598,1.4125125125125124,2.475991974721979
1.4138138138138139,3.1883444854419576,1.4138138138138139,3.119634979745575,1.4138138138138139,2.544340149096359
1.4151151151151151,3.210432714045795,1.4151151151151151,3.128513368303944,1.4151151151151151,2.561692405344078
1.4164164164164164,3.2028631319475767,1.4164164164164164,3.1346093068480667,1.4164164164164164,2.5823893717804887
1.4177177177177176,3.1874770889199575,1.4177177177177176,3.1280590174480998,1.4177177177177176,2.5790479808636015
1.4190190190190188,3.172375567659558,1.4190190190190188,3.111700365392751,1.4190190190190188,2.56299542242071
1.4203203203203203,3.164329453141101,1.4203203203203203,3.09533117856739,1.4203203203203203,2.540803737636766
1.4216216216216215,3.1551764962243016,1.4216216216216215,3.0813031872821175,1.4216216216216215,2.5502924639153717
1.4229229229229228,3.1738990860933876,1.4229229229229228,3.0739622809852363,1.4229229229229228,2.590156969713485
1.4242242242242242,3.1959498249554397,1.4242242242242242,3.0877402547622435,1.4242242242242242,2.620632065151507
1.4255255255255255,3.2290901993713472,1.4255255255255255,3.097500307239517,1.4255255255255255,2.624818956740523
1.4268268268268267,3.253420288467796,1.4268268268268267,3.1030318982352507,1.4268268268268267,2.6250230091779234
1.4281281281281282,3.2691458098282133,1.4281281281281282,3.1115394476474765,1.4281281281281282,2.622459404201616
1.4294294294294294,3.296418757520164,1.4294294294294294,3.1208346054024614,1.4294294294294294,2.6141130561184527
1.4307307307307306,3.3197847942999514,1.4307307307307306,3.1292787192087865,1.4307307307307306,2.614088665462372
1.432032032032032,3.3392907779597163,1.432032032032032,3.1328962382290424,1.432032032032032,2.6224161329951654
1.4333333333333333,3.3396677985843315,1.4333333333333333,3.1315495873857735,1.4333333333333333,2.6596735994102616
1.4346346346346346,3.3375701225676453,1.4346346346346346,3.1182742165853736,1.4346346346346346,2.667131133827079
1.4359359359359358,3.3310900973141226,1.4359359359359358,3.1077013675151246,1.4359359359359358,2.6636106169474307
1.437237237237237,3.3431759874762594,1.437237237237237,3.107579935191159,1.437237237237237,2.668175751541182
1.4385385385385385,3.3381228519499073,1.4385385385385385,3.107963582874047,1.4385385385385385,2.6735627540388123
1.4398398398398398,3.339455728179835,1.4398398398398398,3.108952717398537,1.4398398398398398,2.686254492713428
1.441141141141141,3.343351606570174,1.441141141141141,3.1144160913190952,1.441141141141141,2.6854204751688178
1.4424424424424425,3.3721686491441387,1.4424424424424425,3.1250539431187065,1.4424424424424425,2.692307638390884
1.4437437437437437,3.402219193992914,1.4437437437437437,3.141580419531834,1.4437437437437437,2.66442650160813
1.445045045045045,3.4289462505354114,1.445045045045045,3.1655925355041497,1.445045045045045,2.7051656466417833
1.4463463463463464,3.434756428836525,1.4463463463463464,3.196027475343302,1.4463463463463464,2.744572824170238
1.4476476476476476,3.4369883615634844,1.4476476476476476,3.2186545589712074,1.4476476476476476,2.74122515094668
1.4489489489489489,3.4359961679999023,1.4489489489489489,3.2251024711682277,1.4489489489489489,2.752182770154294
1.4502502502502501,3.445751789798104,1.4502502502502501,3.1513517150323174,1.4502502502502501,2.7665880842006496
1.4515515515515514,3.4765009173921015,1.4515515515515514,3.1192169486936394,1.4515515515515514,2.7651069737794733
1.4528528528528528,3.4962117130400316,1.4528528528528528,3.1186276714089622,1.4528528528528528,2.7665435182750424
1.454154154154154,3.5003642602109695,1.454154154154154,3.1606571869360995,1.454154154154154,2.7483421831393984
1.4554554554554553,3.4978049819298564,1.4554554554554553,3.20618311294934,1.4554554554554553,2.74373568108351
1.4567567567567568,3.472124091427838,1.4567567567567568,3.2388490833722696,1.4567567567567568,2.7499502551808814
1.458058058058058,3.4371800627773665,1.458058058058058,3.264610918866001,1.458058058058058,2.7557269000624895
1.4593593593593592,3.411906499563395,1.4593593593593592,3.2847296183602634,1.4593593593593592,2.744356334766388
1.4606606606606607,3.4104400943549504,1.4606606606606607,3.302887587265079,1.4606606606606607,2.759890477232198
1.461961961961962,3.4293383939658524,1.461961961961962,3.3195732199774888,1.461961961961962,2.762136346475187
1.4632632632632632,3.456126276641438,1.4632632632632632,3.3344847630586876,1.4632632632632632,2.7397270473056308
1.4645645645645646,3.461682754757428,1.4645645645645646,3.3499735264212567,1.4645645645645646,2.730120506730004
1.4658658658658659,3.4594104730761455,1.4658658658658659,3.3657336937127695,1.4658658658658659,2.731182215853108
1.467167167167167,3.444714473623894,1.467167167167167,3.3803921164754094,1.467167167167167,2.762687016149738
1.4684684684684683,3.4320320650334293,1.4684684684684683,3.397346755538392,1.4684684684684683,2.8170932334829724
1.4697697697697696,3.422984696478573,1.4697697697697696,3.428376953658056,1.4697697697697696,2.8300062620328577
1.471071071071071,3.4142495197404075,1.471071071071071,3.432699729839579,1.471071071071071,2.8616421739683107
1.4723723723723723,3.4168650031626564,1.4723723723723723,3.419578755892745,1.4723723723723723,2.8635660582377787
1.4736736736736735,3.4199031184864896,1.4736736736736735,3.3976876396557447,1.4736736736736735,2.8715105686207063
1.474974974974975,3.4335574402015467,1.474974974974975,3.379881619789898,1.474974974974975,2.881550206202933
1.4762762762762762,3.4606255311891285,1.4762762762762762,3.3950805380228513,1.4762762762762762,2.8568730682093113
1.4775775775775775,3.4810370880540757,1.4775775775775775,3.4067580164448787,1.4775775775775775,2.8065156884404896
1.478878878878879,3.507544193305395,1.478878878878879,3.406127375173288,1.478878878878879,2.8058565386313097
1.4801801801801802,3.523702171306505,1.4801801801801802,3.411660694046836,1.4801801801801802,2.8299874355145427
1.4814814814814814,3.545734845744854,1.4814814814814814,3.4217888788726896,1.4814814814814814,2.854272124950146
1.4827827827827826,3.573709173938398,1.4827827827827826,3.434366312236715,1.4827827827827826,2.8409063753597055
1.4840840840840839,3.6031946244048894,1.4840840840840839,3.4454800657003832,1.4840840840840839,2.8106744933499095
1.4853853853853853,3.6117889294461065,1.4853853853853853,3.456289815736929,1.4853853853853853,2.765893039548038
1.4866866866866866,3.595118535649144,1.4866866866866866,3.4753864843325766,1.4866866866866866,2.7315265407205374
1.4879879879879878,3.576675791448394,1.4879879879879878,3.4963546261511005,1.4879879879879878,2.7479224112100176
1.4892892892892893,3.576355285122828,1.4892892892892893,3.508615658636716,1.4892892892892893,2.780425901644266
1.4905905905905905,3.5984108516854416,1.4905905905905905,3.525730005265942,1.4905905905905905,2.860448805501492
1.4918918918918918,3.610393710052204,1.4918918918918918,3.524355819659963,1.4918918918918918,2.9219643113003033
1.4931931931931932,3.6173371245694326,1.4931931931931932,3.522981634053983,1.4931931931931932,2.9375413896277385
1.4944944944944945,3.6021189625783374,1.4944944944944945,3.5273990290293082,1.4944944944944945,2.945631216187388
1.4957957957957957,3.578330162632378,1.4957957957957957,3.525617003921926,1.4957957957957957,2.9432602369468173
1.4970970970970972,3.558118925236455,1.4970970970970972,3.50820751261914,1.4970970970970972,2.922304991564702
1.4983983983983984,3.5383693089946933,1.4983983983983984,3.4787200147720845,1.4983983983983984,2.907951600898953
1.4996996996996996,3.5315284852084083,1.4996996996996996,3.467995062344515,1.4996996996996996,2.9208344886867366
1.501001001001001,3.5376348527442616,1.501001001001001,3.473584607800006,1.501001001001001,2.9313468698534755
1.502302302302302,3.537994116299627,1.502302302302302,3.508585910768947,1.502302302302302,2.891384343043162
1.5036036036036036,3.5327928935255066,1.5036036036036036,3.5452686460952774,1.5036036036036036,2.8438854466709493
1.5049049049049048,3.535508247674203,1.5049049049049048,3.562594762695342,1.5049049049049048,2.8437708144332974
1.506206206206206,3.5400004739774626,1.506206206206206,3.5841525007873947,1.506206206206206,2.8898223527732156
1.5075075075075075,3.5444144680110625,1.5075075075075075,3.590152441116062,1.5075075075075075,2.9204819872572294
1.5088088088088087,3.5458266034016916,1.5088088088088087,3.59507700369403,1.5088088088088087,2.922502867520294
1.51011011011011,3.5506225196514096,1.51011011011011,3.6128424632612144,1.51011011011011,2.9479382751805323
1.5114114114114114,3.5522693807934305,1.5114114114114114,3.6228601085102348,1.5114114114114114,2.9486705296397053
1.5127127127127127,3.555179738349861,1.5127127127127127,3.621617352404085,1.5127127127127127,2.949945101099787
1.514014014014014,3.562633632383161,1.514014014014014,3.6345412312408487,1.514014014014014,2.9595623323360423
1.5153153153153154,3.592639505709132,1.5153153153153154,3.652353998846317,1.5153153153153154,2.9748250891616066
1.5166166166166164,3.621604838024796,1.5166166166166164,3.668667584370599,1.5166166166166164,2.9939379753922855
1.5179179179179179,3.662420331268688,1.5179179179179179,3.6807179234931335,1.5179179179179179,3.018261775714536
1.519219219219219,3.6957977500468377,1.519219219219219,3.6776574610497654,1.519219219219219,3.0136493990744593
1.5205205205205203,3.716374025337533,1.5205205205205203,3.6692457679368986,1.5205205205205203,3.01366596853108
1.5218218218218218,3.7282947052262503,1.5218218218218218,3.669756999639711,1.5218218218218218,2.999865484462558
1.523123123123123,3.738814950429779,1.523123123123123,3.673686580182767,1.523123123123123,3.0103275119939616
1.5244244244244243,3.7525690748486875,1.5244244244244243,3.681409425921417,1.5244244244244243,3.054219274574227
1.5257257257257257,3.7705103002337013,1.5257257257257257,3.6817720474339963,1.5257257257257257,3.0817274229013205
1.527027027027027,3.785398792945898,1.527027027027027,3.6722557235257107,1.527027027027027,3.0800464163961605
1.5283283283283282,3.8064406075549972,1.5283283283283282,3.6566627387248385,1.5283283283283282,3.0979604677991577
1.5296296296296297,3.8397509075256346,1.5296296296296297,3.6391589604016095,1.5296296296296297,3.116137099284125
1.530930930930931,3.8697009992403437,1.530930930930931,3.6284834118324696,1.530930930930931,3.151072021140533
1.5322322322322321,3.8812687137457904,1.5322322322322321,3.640484824993376,1.5322322322322321,3.1425924392493374
1.5335335335335336,3.895437954961432,1.5335335335335336,3.6627655987796985,1.5335335335335336,3.077474968374797
1.5348348348348346,3.8971253983888605,1.5348348348348346,3.6962409378994736,1.5348348348348346,3.0237152694017793
1.536136136136136,3.8916275609251096,1.536136136136136,3.734195662138293,1.536136136136136,3.022154212549198
1.5374374374374373,3.8789739045413287,1.5374374374374373,3.771670018746627,1.5374374374374373,3.05285395047438
1.5387387387387386,3.848203615049259,1.5387387387387386,3.798626500928611,1.5387387387387386,3.0856238239283633
1.54004004004004,3.8193299969798953,1.54004004004004,3.8066347374843557,1.54004004004004,3.0754804470564183
1.5413413413413413,3.8067871957055153,1.5413413413413413,3.8077191816886575,1.5413413413413413,3.0265276926534517
1.5426426426426425,3.820543722740463,1.5426426426426425,3.789151741923309,1.5426426426426425,3.050640041127052
1.543943943943944,3.834968494388171,1.543943943943944,3.771354827039275,1.543943943943944,3.0867954028146047
1.5452452452452452,3.8613100607745308,1.5452452452452452,3.7504066002928007,1.5452452452452452,3.1144574635263584
1.5465465465465464,3.9089738683589927,1.5465465465465464,3.7337327122066366,1.5465465465465464,3.1298654515374364
1.547847847847848,3.962387388914093,1.547847847847848,3.7375799151116262,1.547847847847848,3.141664141999697
1.549149149149149,3.9998934903502064,1.549149149149149,3.7490911800518343,1.549149149149149,3.1502444626146024
1.5504504504504504,3.998423362699859,1.5504504504504504,3.7673455952445125,1.5504504504504504,3.1456195386320327
1.5517517517517516,3.9766023460543884,1.5517517517517516,3.786700686039112,1.5517517517517516,3.1508551486419356
1.5530530530530529,3.971565214196685,1.5530530530530529,3.8055051117464314,1.5530530530530529,3.1578395494229996
1.5543543543543543,3.9816495196964627,1.5543543543543543,3.815183966876994,1.5543543543543543,3.156058927764633
1.5556556556556556,4.0065607333680555,1.5556556556556556,3.8130655487413736,1.5556556556556556,3.1757660447463416
1.5569569569569568,4.0347527858862025,1.5569569569569568,3.810338765567853,1.5569569569569568,3.20883597066804
1.5582582582582583,4.071292346338563,1.5582582582582583,3.8083217474726614,1.5582582582582583,3.2120681602878145
1.5595595595595595,4.092268504530276,1.5595595595595595,3.8049275161995375,1.5595595595595595,3.2210060029578997
1.5608608608608607,4.080888707482739,1.5608608608608607,3.8016086769055675,1.5608608608608607,3.2109003038372435
1.5621621621621622,4.028592608537801,1.5621621621621622,3.806620475046475,1.5621621621621622,3.204143123253806
1.5634634634634634,3.9681483563926188,1.5634634634634634,3.823065687342856,1.5634634634634634,3.1734732919080266
1.5647647647647647,3.920952334456459,1.5647647647647647,3.838931214969751,1.5647647647647647,3.212758801546451
1.5660660660660661,3.899232794834596,1.5660660660660661,3.8512885995763866,1.5660660660660661,3.237482783542756
1.5673673673673671,3.8853386052973087,1.5673673673673671,3.861625169481885,1.5673673673673671,3.249131363542258
1.5686686686686686,3.8737599127655717,1.5686686686686686,3.8580811569123346,1.5686686686686686,3.2187381039773952
1.5699699699699698,3.875643337463755,1.5699699699699698,3.855487014189999,1.5699699699699698,3.1967411478938277
1.571271271271271,3.895007941089756,1.571271271271271,3.8594691341224046,1.571271271271271,3.181611340993971
1.5725725725725725,3.9230123118073745,1.5725725725725725,3.8594359331302144,1.5725725725725725,3.174582333592684
1.5738738738738738,3.9595300622798244,1.5738738738738738,3.8609887894886152,1.5738738738738738,3.1855031210940408
1.575175175175175,4.004637061512825,1.575175175175175,3.8716512719174876,1.575175175175175,3.2403424655092934
1.5764764764764765,4.034798050330645,1.5764764764764765,3.876933027285629,1.5764764764764765,3.2674966310549984
1.5777777777777777,4.043227454181159,1.5777777777777777,3.8842473307022423,1.5777777777777777,3.227303513258419
1.579079079079079,4.042386824962731,1.579079079079079,3.8876084714887535,1.579079079079079,3.2089421209862166
1.5803803803803804,4.043900958101557,1.5803803803803804,3.893401539017533,1.5803803803803804,3.231499987320396
1.5816816816816814,4.052982329852839,1.5816816816816814,3.907970374084309,1.5816816816816814,3.2580361773946462
1.582982982982983,4.0632625394431034,1.582982982982983,3.913808480676232,1.582982982982983,3.249820252706295
1.5842842842842844,4.06308825480198,1.5842842842842844,3.9185415773714034,1.5842842842842844,3.2404082015723668
1.5855855855855854,4.049916144867086,1.5855855855855854,3.921480414033678,1.5855855855855854,3.2462676607114127
1.5868868868868868,4.0223564537831695,1.5868868868868868,3.9214692687367965,1.5868868868868868,3.2817242986139155
1.588188188188188,4.023307487288715,1.588188188188188,3.9228696562482797,1.588188188188188,3.294721038113657
1.5894894894894893,4.046751815798096,1.5894894894894893,3.935943612701404,1.5894894894894893,3.297917119277269
1.5907907907907908,4.0657575268821935,1.5907907907907908,3.9449193767911304,1.5907907907907908,3.2912677374561383
1.592092092092092,4.096685029878147,1.592092092092092,3.971842822802008,1.592092092092092,3.294028831951823
1.5933933933933933,4.099229941369973,1.5933933933933933,3.9887900765604525,1.5933933933933933,3.3184567701661516
1.5946946946946947,4.097065497887167,1.5946946946946947,4.001300137542592,1.5946946946946947,3.331604846914933
1.595995995995996,4.1075773278507395,1.595995995995996,4.008987689183349,1.595995995995996,3.3302509383830468
1.5972972972972972,4.113561287597354,1.5972972972972972,4.004257464392485,1.5972972972972972,3.3169866488439075
1.5985985985985987,4.1356619240178984,1.5985985985985987,4.002503162881415,1.5985985985985987,3.349246830275247
1.5998998998998997,4.171449223691791,1.5998998998998997,4.000385144298723,1.5998998998998997,3.3748301932857627
1.6012012012012011,4.201239384799874,1.6012012012012011,3.9995010876824417,1.6012012012012011,3.3634223049147365
1.6025025025025024,4.237141921505971,1.6025025025025024,4.004454158024809,1.6025025025025024,3.3312690649011762
1.6038038038038036,4.265584111665986,1.6038038038038036,4.024265659631886,1.6038038038038036,3.3034546957421727
1.605105105105105,4.286008141570425,1.605105105105105,4.0452566761200455,1.605105105105105,3.323922589960246
1.6064064064064063,4.298654769349961,1.6064064064064063,4.079052358789812,1.6064064064064063,3.3160778224477454
1.6077077077077075,4.311928237617131,1.6077077077077075,4.111471861632041,1.6077077077077075,3.320839842900657
1.609009009009009,4.319721995629179,1.609009009009009,4.115888594306436,1.609009009009009,3.334980169160571
1.6103103103103102,4.333082122490875,1.6103103103103102,4.108812188357087,1.6103103103103102,3.3393798346703756
1.6116116116116115,4.340464127922482,1.6116116116116115,4.105539009968841,1.6116116116116115,3.377428162522887
1.612912912912913,4.358381226647776,1.612912912912913,4.122672991379088,1.612912912912913,3.399047452110397
1.6142142142142142,4.379508284481666,1.6142142142142142,4.145557595040526,1.6142142142142142,3.4134333548440834
1.6155155155155154,4.401931223879511,1.6155155155155154,4.165720221927036,1.6155155155155154,3.4150880458850046
1.6168168168168169,4.41995496070177,1.6168168168168169,4.180400972195019,1.6168168168168169,3.433162679344696
1.618118118118118,4.423256454752552,1.618118118118118,4.193232759384096,1.618118118118118,3.433434159861875
1.6194194194194194,4.4205778830145235,1.6194194194194194,4.19665040368757,1.6194194194194194,3.442108853124509
1.6207207207207206,4.39391451687283,1.6207207207207206,4.192874253954141,1.6207207207207206,3.428879827488575
1.6220220220220218,4.3715496162804595,1.6220220220220218,4.180849806676932,1.6220220220220218,3.4268913951251383
1.6233233233233233,4.34963899278399,1.6233233233233233,4.168198877946559,1.6233233233233233,3.435902723030021
1.6246246246246245,4.3377080212932615,1.6246246246246245,4.160125995787191,1.6246246246246245,3.463689169386486
1.6259259259259258,4.330993385712343,1.6259259259259258,4.15008909812828,1.6259259259259258,3.487752047544735
1.6272272272272272,4.34309963933663,1.6272272272272272,4.137270524672734,1.6272272272272272,3.5060347692625426
1.6285285285285285,4.355919965126486,1.6285285285285285,4.128117373741892,1.6285285285285285,3.4873108203776004
1.6298298298298297,4.374349422460983,1.6298298298298297,4.125580638609477,1.6298298298298297,3.4987590817820324
1.6311311311311312,4.395192616413393,1.6311311311311312,4.138145865798481,1.6311311311311312,3.5149431434180953
1.6324324324324322,4.414566442562345,1.6324324324324322,4.156990216619822,1.6324324324324322,3.4970243879553187
1.6337337337337337,4.435852408885589,1.6337337337337337,4.185543309912099,1.6337337337337337,3.4942405977222615
1.635035035035035,4.451251234465487,1.635035035035035,4.209069585039998,1.635035035035035,3.44795557419163
1.6363363363363361,4.462658688302104,1.6363363363363361,4.223274580534447,1.6363363363363361,3.4583621500633326
1.6376376376376376,4.466355301297673,1.6376376376376376,4.229089929913376,1.6376376376376376,3.473378306806135
1.6389389389389388,4.464587805814599,1.6389389389389388,4.229822888158577,1.6389389389389388,3.5195651244594712
1.64024024024024,4.45689901052541,1.64024024024024,4.247262676152139,1.64024024024024,3.545002069227133
1.6415415415415415,4.462354061470477,1.6415415415415415,4.250270741173638,1.6415415415415415,3.589005042253084
1.6428428428428428,4.452700544327868,1.6428428428428428,4.254747208853522,1.6428428428428428,3.607593210565213
1.644144144144144,4.437329599014463,1.644144144144144,4.266003196588863,1.644144144144144,3.624009429777273
1.6454454454454455,4.42215940835944,1.6454454454454455,4.269948763558404,1.6454454454454455,3.634158488146538
1.6467467467467467,4.436895233691685,1.6467467467467467,4.282991876506078,1.6467467467467467,3.6650354073851075
1.648048048048048,4.453995190826012,1.648048048048048,4.301095637487383,1.648048048048048,3.637373568536765
1.6493493493493494,4.471298969382542,1.6493493493493494,4.319845294900074,1.6493493493493494,3.6203032090729517
1.6506506506506504,4.482888148388467,1.6506506506506504,4.338944378815289,1.6506506506506504,3.600950045493991
1.6519519519519519,4.462397268347281,1.6519519519519519,4.353886886481338,1.6519519519519519,3.6040783866131507
1.6532532532532531,4.434301924643271,1.6532532532532531,4.357899328813063,1.6532532532532531,3.5781971820213676
1.6545545545545544,4.3927163342720235,1.6545545545545544,4.363606057195827,1.6545545545545544,3.5616326952918342
1.6558558558558558,4.356288892454506,1.6558558558558558,4.371745329968179,1.6558558558558558,3.5820399078399747
1.657157157157157,4.353702168109851,1.657157157157157,4.392174418688064,1.657157157157157,3.629452385864051
1.6584584584584583,4.363384252835112,1.6584584584584583,4.409663231689173,1.6584584584584583,3.6703175391125447
1.6597597597597598,4.380993954639638,1.6597597597597598,4.415522262114887,1.6597597597597598,3.6927494580796085
1.661061061061061,4.40421690759165,1.661061061061061,4.417998653687611,1.661061061061061,3.6868261454888995
1.6623623623623622,4.4388240500798,1.6623623623623622,4.4107416328460305,1.6623623623623622,3.6547901620976595
1.6636636636636637,4.467272538636833,1.6636636636636637,4.407487393246613,1.6636636636636637,3.6366838787009335
1.6649649649649647,4.490108659646259,1.6649649649649647,4.396407933700623,1.6649649649649647,3.6456175291804036
1.6662662662662662,4.493322822988022,1.6662662662662662,4.386731507834725,1.6662662662662662,3.6577686714654876
1.6675675675675676,4.482460996576051,1.6675675675675676,4.389537971395838,1.6675675675675676,3.670944231010533
1.6688688688688686,4.461760014490663,1.6688688688688686,4.388092254492979,1.6688688688688686,3.6836070280966124
1.67017017017017,4.458276723049536,1.67017017017017,4.383627812617242,1.67017017017017,3.663645552281733
1.6714714714714713,4.463641469673057,1.6714714714714713,4.376048649672238,1.6714714714714713,3.635320369564114
1.6727727727727726,4.485423059603334,1.6727727727727726,4.3736526950297945,1.6727727727727726,3.613423256453136
1.674074074074074,4.51474522772039,1.674074074074074,4.371187362286606,1.674074074074074,3.6211497806337123
1.6753753753753753,4.55841357972998,1.6753753753753753,4.378040209852837,1.6753753753753753,3.677622557287036
1.6766766766766765,4.58495544010681,1.6766766766766765,4.392314110161554,1.6766766766766765,3.6968292184512186
1.677977977977978,4.602407312049614,1.677977977977978,4.406375069435286,1.677977977977978,3.7023961892182458
1.6792792792792792,4.605168872936904,1.6792792792792792,4.428190068228453,1.6792792792792792,3.6932651428357524
1.6805805805805805,4.614480878559418,1.6805805805805805,4.444863227341512,1.6805805805805805,3.698040653067321
1.681881881881882,4.655779432640776,1.681881881881882,4.444896596186392,1.681881881881882,3.69783708528957
1.683183183183183,4.702454430411333,1.683183183183183,4.438448497005894,1.683183183183183,3.706594401758413
1.6844844844844844,4.733324049934561,1.6844844844844844,4.424720371181779,1.6844844844844844,3.714055409064939
1.6857857857857856,4.750615192211959,1.6857857857857856,4.400732488346251,1.6857857857857856,3.7022732654145747
1.6870870870870869,4.752667164266592,1.6870870870870869,4.367566201959774,1.6870870870870869,3.688792741441225
1.6883883883883883,4.750609614223828,1.6883883883883883,4.334929267495711,1.6883883883883883,3.6997412411237085
1.6896896896896896,4.757568089600037,1.6896896896896896,4.348985842181163,1.6896896896896896,3.731593613731883
1.6909909909909908,4.766639314798258,1.6909909909909908,4.3672950350869435,1.6909909909909908,3.778785354482532
1.6922922922922923,4.760919746566769,1.6922922922922923,4.399838730627077,1.6922922922922923,3.7830439924831025
1.6935935935935935,4.738425798373302,1.6935935935935935,4.434593782566554,1.6935935935935935,3.7574682210012234
1.6948948948948948,4.716873863480712,1.6948948948948948,4.460371060439306,1.6948948948948948,3.745480613350807
1.6961961961961962,4.700273802315944,1.6961961961961962,4.489732862821845,1.6961961961961962,3.7217504233546412
1.6974974974974975,4.7051347145384,1.6974974974974975,4.509492413651277,1.6974974974974975,3.777751724695334
1.6987987987987987,4.745834648733335,1.6987987987987987,4.532591015545894,1.6987987987987987,3.760150763143831
1.7001001001001002,4.789050185134756,1.7001001001001002,4.528234459217297,1.7001001001001002,3.780380677865898
1.7014014014014012,4.8168056691651575,1.7014014014014012,4.496240078426813,1.7014014014014012,3.7965536342346526
1.7027027027027026,4.832112398452713,1.7027027027027026,4.463956562335642,1.7027027027027026,3.8271255828292454
1.7040040040040039,4.846530201100377,1.7040040040040039,4.437159358067825,1.7040040040040039,3.8378114813815216
1.705305305305305,4.851975029172002,1.705305305305305,4.431454563011702,1.705305305305305,3.842754249938538
1.7066066066066066,4.855244772362794,1.7066066066066066,4.4422231025697805,1.7066066066066066,3.8197182888231422
1.7079079079079078,4.865803278929412,1.7079079079079078,4.468863566427203,1.7079079079079078,3.7975347459292395
1.709209209209209,4.858976298456209,1.709209209209209,4.505156734194215,1.709209209209209,3.820201675780923
1.7105105105105105,4.833537525774757,1.7105105105105105,4.528477493005613,1.7105105105105105,3.8299528522653516
1.7118118118118117,4.835568087132547,1.7118118118118117,4.5513910350203695,1.7118118118118117,3.859705273453244
1.713113113113113,4.844323973301929,1.713113113113113,4.5681776579588975,1.713113113113113,3.8813887579250155
1.7144144144144144,4.861299971558373,1.7144144144144144,4.571319265587468,1.7144144144144144,3.8608177975517064
1.7157157157157155,4.899836707671591,1.7157157157157155,4.579587229876225,1.7157157157157155,3.8068055824802207
1.717017017017017,4.953963964437663,1.717017017017017,4.591076542563981,1.717017017017017,3.7838904074154653
1.7183183183183182,5.009735822995897,1.7183183183183182,4.596567826065543,1.7183183183183182,3.7817158451023283
1.7196196196196194,5.048743085002136,1.7196196196196194,4.597219375663027,1.7196196196196194,3.8188879567693887
1.7209209209209209,5.071841263912868,1.7209209209209209,4.593488970993416,1.7209209209209209,3.903437645424294
1.722222222222222,5.081996062014886,1.722222222222222,4.583274672373569,1.722222222222222,3.9178221328229723
1.7235235235235233,5.090762167745181,1.7235235235235233,4.57615195621188,1.7235235235235233,3.9305496204744004
1.7248248248248248,5.093723941829889,1.7248248248248248,4.562306037726077,1.7248248248248248,3.9293271722049203
1.726126126126126,5.094552319830732,1.726126126126126,4.5519818156305965,1.726126126126126,3.921083424489055
1.7274274274274273,5.0866106460545435,1.7274274274274273,4.538611267573227,1.7274274274274273,3.937129538626826
1.7287287287287287,5.080206614085993,1.7287287287287287,4.519800204814223,1.7287287287287287,3.9565158245352974
1.73003003003003,5.072958759027758,1.73003003003003,4.501523130035966,1.73003003003003,3.972796090266216
1.7313313313313312,5.056644264475375,1.7313313313313312,4.496292011885951,1.7313313313313312,3.98725937920698
1.7326326326326327,5.045602956302539,1.7326326326326327,4.481206005061231,1.7326326326326327,3.97210617121313
1.7339339339339337,5.033236496394212,1.7339339339339337,4.4678637562585894,1.7339339339339337,3.955438073237263
1.7352352352352352,5.028163981689043,1.7352352352352352,4.482382963475817,1.7352352352352352,3.935640133868641
1.7365365365365364,5.0258190537746925,1.7365365365365364,4.4994991055040465,1.7365365365365364,3.9388074183719626
1.7378378378378376,5.032721470201665,1.7378378378378376,4.5260013471115546,1.7378378378378376,3.9304055434872183
1.739139139139139,5.0463153294903105,1.739139139139139,4.559767210536919,1.739139139139139,3.9010174008234033
1.7404404404404403,5.063747049445197,1.7404404404404403,4.591659428219841,1.7404404404404403,3.8986328063210456
1.7417417417417416,5.0839587316435715,1.7417417417417416,4.623448997846595,1.7417417417417416,3.9131971425442345
1.743043043043043,5.108055119182269,1.743043043043043,4.644020682248509,1.743043043043043,3.941887324065109
1.7443443443443443,5.137736749740563,1.7443443443443443,4.664219414230174,1.7443443443443443,3.9329552150588243
1.7456456456456455,5.163005324722899,1.7456456456456455,4.68301404137785,1.7456456456456455,3.954153112959151
1.746946946946947,5.178275572786162,1.746946946946947,4.699745798363343,1.746946946946947,3.98457812540927
1.748248248248248,5.1870516966632625,1.748248248248248,4.733281333614491,1.748248248248248,4.015511165391951
1.7495495495495494,5.184937472436008,1.7495495495495494,4.752904419757721,1.7495495495495494,4.007919737137015
1.750850850850851,5.183229453039244,1.750850850850851,4.752656686115944,1.750850850850851,4.054822050522674
1.752152152152152,5.182346411790098,1.752152152152152,4.73619765822605,1.752152152152152,4.086067231659248
1.7534534534534534,5.1860137169610985,1.7534534534534534,4.716603259002689,1.7534534534534534,4.114793056627429
1.7547547547547546,5.196723776815173,1.7547547547547546,4.712578418295156,1.7547547547547546,4.095177073788515
1.7560560560560559,5.209489270768504,1.7560560560560559,4.722676360194371,1.7560560560560559,4.050583254181122
1.7573573573573573,5.208119359702767,1.7573573573573573,4.754505375648206,1.7573573573573573,3.986660776612348
1.7586586586586586,5.187266738143741,1.7586586586586586,4.791946439832391,1.7586586586586586,3.9619342661697616
1.7599599599599598,5.151359095058694,1.7599599599599598,4.831367471637434,1.7599599599599598,3.998708022041307
1.7612612612612613,5.140615571155923,1.7612612612612613,4.874243625686442,1.7612612612612613,4.050027739635211
1.7625625625625625,5.1351976115541875,1.7625625625625625,4.905516862292259,1.7625625625625625,4.062773092162041
1.7638638638638637,5.133581593314095,1.7638638638638637,4.933198310278224,1.7638638638638637,4.031160464203515
1.7651651651651652,5.123906678764397,1.7651651651651652,4.935278390043196,1.7651651651651652,4.022512757517606
1.7664664664664662,5.124066659625341,1.7664664664664662,4.922274043451334,1.7664664664664662,4.0750949951770625
1.7677677677677677,5.122990198764404,1.7677677677677677,4.907355244552563,1.7677677677677677,4.099265241188098
1.769069069069069,5.125924865067957,1.769069069069069,4.895845418647045,1.769069069069069,4.106944816180676
1.7703703703703701,5.127123293597422,1.7703703703703701,4.893708241198023,1.7703703703703701,4.105795112151527
1.7716716716716716,5.139999336560523,1.7716716716716716,4.882265206574488,1.7716716716716716,4.104609352720766
1.7729729729729728,5.154314143340089,1.7729729729729728,4.879285220044641,1.7729729729729728,4.078598677853405
1.774274274274274,5.163532173498183,1.774274274274274,4.871659072359523,1.774274274274274,4.052816545976346
1.7755755755755755,5.155308807156617,1.7755755755755755,4.870725377463234,1.7755755755755755,4.024822105582364
1.7768768768768768,5.117016618642751,1.7768768768768768,4.864608126111096,1.7768768768768768,4.025674296692515
1.778178178178178,5.090048553122552,1.778178178178178,4.857037574668532,1.778178178178178,4.0770841600946515
1.7794794794794795,5.0988575271389704,1.7794794794794795,4.8601320072128615,1.7794794794794795,4.119412220365945
1.7807807807807807,5.133695480905869,1.7807807807807807,4.868318572760347,1.7807807807807807,4.130930949477589
1.782082082082082,5.193292798525649,1.782082082082082,4.886182443383501,1.782082082082082,4.135691613762834
1.7833833833833834,5.237294402552712,1.7833833833833834,4.898950918989837,1.7833833833833834,4.130884021970914
1.7846846846846844,5.256731034463707,1.7846846846846844,4.90309634495436,1.7846846846846844,4.155224229823317
1.785985985985986,5.257203153138457,1.785985985985986,4.899988631241345,1.785985985985986,4.164897017337504
1.7872872872872871,5.253695182064564,1.7872872872872871,4.886753136375627,1.7872872872872871,4.151418823776226
1.7885885885885884,5.252530289250899,1.7885885885885884,4.882153226285658,1.7885885885885884,4.145555930203086
1.7898898898898898,5.254025117211569,1.7898898898898898,4.876069588117951,1.7898898898898898,4.177708585476557
1.791191191191191,5.25648726070793,1.791191191191191,4.873754153754558,1.791191191191191,4.170271200523899
1.7924924924924923,5.2675967208812615,1.7924924924924923,4.88335631797498,1.7924924924924923,4.151735087845173
1.7937937937937938,5.2900339665743825,1.7937937937937938,4.901972555057697,1.7937937937937938,4.135562699440798
1.795095095095095,5.303811065920981,1.795095095095095,4.930741664540431,1.795095095095095,4.14923720983654
1.7963963963963963,5.295599364177232,1.7963963963963963,4.962041123945583,1.7963963963963963,4.201018371773358
1.7976976976976977,5.285913467169072,1.7976976976976977,4.999109288494485,1.7976976976976977,4.265994595159965
1.7989989989989987,5.298094331427612,1.7989989989989987,5.038875214584472,1.7989989989989987,4.286149265207316
1.8003003003003002,5.333114507586856,1.8003003003003002,5.0756748872571125,1.8003003003003002,4.238313900287869
1.8016016016016014,5.3789416610135605,1.8016016016016014,5.074792442364811,1.8016016016016014,4.174778650733886
1.8029029029029027,5.425693788061633,1.8029029029029027,5.0637220221999115,1.8029029029029027,4.159143773811752
1.8042042042042041,5.441336253771034,1.8042042042042041,5.027781218263433,1.8042042042042041,4.197872191558046
1.8055055055055054,5.433735011974857,1.8055055055055054,5.003734660407357,1.8055055055055054,4.215099928231404
1.8068068068068066,5.403485277190221,1.8068068068068066,4.998984936597059,1.8068068068068066,4.237600313656214
1.808108108108108,5.37553193297601,1.808108108108108,5.000804419422984,1.808108108108108,4.251927612461843
1.8094094094094093,5.362635588075873,1.8094094094094093,5.00652418277996,1.8094094094094093,4.259987668380233
1.8107107107107105,5.36035155339404,1.8107107107107105,5.018483864254681,1.8107107107107105,4.259547135013573
1.812012012012012,5.363410879785628,1.812012012012012,5.053037894351021,1.812012012012012,4.2787069386596395
1.8133133133133132,5.38299014499778,1.8133133133133132,5.083621915513784,1.8133133133133132,4.279404979307243
1.8146146146146145,5.4063231878270415,1.8146146146146145,5.11649307077806,1.8146146146146145,4.28939548989172
1.815915915915916,5.443837185936454,1.815915915915916,5.102219573441453,1.815915915915916,4.275108542557183
1.817217217217217,5.480571037738388,1.817217217217217,5.086706359574369,1.817217217217217,4.294059551644266
1.8185185185185184,5.49150045894503,1.8185185185185184,5.078357048238863,1.8185185185185184,4.296927747546992
1.8198198198198197,5.496406417592175,1.8198198198198197,5.096340763414186,1.8198198198198197,4.288858060104357
1.821121121121121,5.4898647923976815,1.821121121121121,5.114992456414606,1.821121121121121,4.278949726003923
1.8224224224224224,5.48562902431192,1.8224224224224224,5.134031526145539,1.8224224224224224,4.296156256320379
1.8237237237237236,5.482361388799271,1.8237237237237236,5.151939902561294,1.8237237237237236,4.299444697669021
1.8250250250250248,5.476661353673887,1.8250250250250248,5.166477136217256,1.8250250250250248,4.303462625688193
1.8263263263263263,5.4856079494539145,1.8263263263263263,5.1733906053666905,1.8263263263263263,4.3194314902031286
1.8276276276276275,5.486723519820745,1.8276276276276275,5.1769718033847605,1.8276276276276275,4.335612552754666
1.8289289289289288,5.504502657202763,1.8289289289289288,5.181455841773496,1.8289289289289288,4.328815023002122
1.8302302302302302,5.526185595085542,1.8302302302302302,5.178727077845675,1.8302302302302302,4.319510537593034
1.8315315315315313,5.547744311626421,1.8315315315315313,5.173023219537869,1.8315315315315313,4.321176108903821
1.8328328328328327,5.576817000832577,1.8328328328328327,5.146147080781554,1.8328328328328327,4.334497597451512
1.8341341341341342,5.59623722069896,1.8341341341341342,5.142623061733088,1.8341341341341342,4.369606967428597
1.8354354354354352,5.587305599955638,1.8354354354354352,5.1498254791443845,1.8354354354354352,4.407989043301657
1.8367367367367367,5.575554251442817,1.8367367367367367,5.164290568721124,1.8367367367367367,4.431612141829153
1.838038038038038,5.567328910661921,1.838038038038038,5.180629382207377,1.838038038038038,4.4061742359676455
1.8393393393393391,5.575818242202303,1.8393393393393391,5.204242881396774,1.8393393393393391,4.390806113639876
1.8406406406406406,5.582327527332661,1.8406406406406406,5.199454201279543,1.8406406406406406,4.3869755716465795
1.8419419419419418,5.595982154842086,1.8419419419419418,5.213546952240275,1.8419419419419418,4.4000378801499584
1.843243243243243,5.611247969658556,1.843243243243243,5.218187523059082,1.843243243243243,4.4231388619283125
1.8445445445445445,5.624510536713322,1.8445445445445445,5.209303579473681,1.8445445445445445,4.416015033320338
1.8458458458458458,5.634292601348634,1.8458458458458458,5.190355405113503,1.8458458458458458,4.396366779127045
1.847147147147147,5.648277493317819,1.847147147147147,5.1689439116443445,1.847147147147147,4.392374891905901
1.8484484484484485,5.664885621908927,1.8484484484484485,5.15647481358523,1.8484484484484485,4.403710785950652
1.8497497497497495,5.677001787853916,1.8497497497497495,5.153545423164425,1.8497497497497495,4.404522449206306
1.851051051051051,5.690934266169972,1.851051051051051,5.1616916070022425,1.851051051051051,4.413153185934768
1.8523523523523522,5.7204026833283805,1.8523523523523522,5.184996829930525,1.8523523523523522,4.448221397190169
1.8536536536536534,5.756434759079636,1.8536536536536534,5.213683690575749,1.8536536536536534,4.476483914154742
1.8549549549549549,5.793302116827283,1.8549549549549549,5.223845624711956,1.8549549549549549,4.499019563234343
1.8562562562562561,5.80967477906384,1.8562562562562561,5.228725397368351,1.8562562562562561,4.492263163488347
1.8575575575575574,5.801109509202518,1.8575575575575574,5.229319770852578,1.8575575575575574,4.462945927585105
1.8588588588588588,5.785077346684734,1.8588588588588588,5.234166418282494,1.8588588588588588,4.43973076734748
1.86016016016016,5.795432332654792,1.86016016016016,5.237638368248468,1.86016016016016,4.444405047784687
1.8614614614614613,5.817243403308668,1.8614614614614613,5.235749359960403,1.8614614614614613,4.4688660787463546
1.8627627627627628,5.856153126747669,1.8627627627627628,5.231959572498033,1.8627627627627628,4.462094013815741
1.864064064064064,5.880301517362712,1.864064064064064,5.227110442292596,1.864064064064064,4.466239283199885
1.8653653653653652,5.884749528120965,1.8653653653653652,5.216772936866133,1.8653653653653652,4.4922880975157256
1.8666666666666667,5.891569799566184,1.8666666666666667,5.195518937123598,1.8666666666666667,4.5125566963226
1.8679679679679677,5.900586091620897,1.8679679679679677,5.158536917989229,1.8679679679679677,4.507090057840343
1.8692692692692692,5.908693679513441,1.8692692692692692,5.139640808264706,1.8692692692692692,4.47529569948438
1.8705705705705704,5.901587068264428,1.8705705705705704,5.1178368309070565,1.8705705705705704,4.465611412059806
1.8718718718718717,5.880828252793118,1.8718718718718717,5.109886195095622,1.8718718718718717,4.479291669012953
1.8731731731731731,5.858900119541943,1.8731731731731731,5.097588905571359,1.8731731731731731,4.529263287962133
1.8744744744744744,5.838538573615174,1.8744744744744744,5.08649317277841,1.8744744744744744,4.545043997504303
1.8757757757757756,5.827758656247257,1.8757757757757756,5.079150733688501,1.8757757757757756,4.541357009367282
1.877077077077077,5.807567266286818,1.877077077077077,5.0862915000938225,1.877077077077077,4.5285322423423375
1.8783783783783783,5.776554065758526,1.8783783783783783,5.105150499922334,1.8783783783783783,4.475404924889682
1.8796796796796795,5.747702648016299,1.8796796796796795,5.136850511996664,1.8796796796796795,4.438123720322672
1.880980980980981,5.756124789775781,1.880980980980981,5.177556815719888,1.880980980980981,4.4715271324556864
1.882282282282282,5.768502854598714,1.882282282282282,5.193119715858335,1.882282282282282,4.504348606156857
1.8835835835835835,5.8019457341682354,1.8835835835835835,5.185485325249721,1.8835835835835835,4.523786650642102
1.8848848848848847,5.83600552386381,1.8848848848848847,5.15141351709217,1.8848848848848847,4.538093738534961
1.886186186186186,5.861921868306748,1.886186186186186,5.1499441570460105,1.886186186186186,4.5583624260569975
1.8874874874874874,5.878590132952246,1.8874874874874874,5.156885731462748,1.8874874874874874,4.574044244218337
1.8887887887887886,5.897042004774068,1.8887887887887886,5.172046115021984,1.8887887887887886,4.583627464712654
1.8900900900900899,5.93767835430684,1.8900900900900899,5.18486941654239,1.8900900900900899,4.572677817221647
1.8913913913913913,5.976864581145001,1.8913913913913913,5.195237982384499,1.8913913913913913,4.578296818088367
1.8926926926926926,6.021823586121551,1.8926926926926926,5.1959642974599864,1.8926926926926926,4.586961333146023
1.8939939939939938,6.041850679708071,1.8939939939939938,5.188549485297554,1.8939939939939938,4.558681153960468
1.8952952952952953,6.0316539833103535,1.8952952952952953,5.184025309251438,1.8952952952952953,4.5319866832888
1.8965965965965965,5.996784522867978,1.8965965965965965,5.182201507791373,1.8965965965965965,4.536454925188173
1.8978978978978978,5.982895545091411,1.8978978978978978,5.1904048908472555,1.8978978978978978,4.574983346759533
1.8991991991991992,5.986610355264674,1.8991991991991992,5.213980250966649,1.8991991991991992,4.594926312507866
1.9005005005005002,6.020018327519339,1.9005005005005002,5.253688863805628,1.9005005005005002,4.604087293057128
1.9018018018018017,6.038614325946897,1.9018018018018017,5.305503511271007,1.9018018018018017,4.593452819826029
1.903103103103103,6.050380660353582,1.903103103103103,5.363740174178045,1.903103103103103,4.605128362343466
1.9044044044044042,6.055031517219846,1.9044044044044042,5.4019553371219375,1.9044044044044042,4.64339273844948
1.9057057057057056,6.0591111305679,1.9057057057057056,5.4164415820225065,1.9057057057057056,4.6596230137325
1.9070070070070069,6.061282234771099,1.9070070070070069,5.426338600436409,1.9070070070070069,4.637663541880009
1.908308308308308,6.064497504323455,1.908308308308308,5.4134729021473476,1.908308308308308,4.612878185402275
1.9096096096096096,6.068053381992287,1.9096096096096096,5.39274190147238,1.9096096096096096,4.569911866599108
1.9109109109109108,6.0773281243746995,1.9109109109109108,5.3657509291587395,1.9109109109109108,4.552352478290525
1.912212212212212,6.088478513679396,1.912212212212212,5.362505029474309,1.912212212212212,4.560237083006076
1.9135135135135135,6.090811184611434,1.9135135135135135,5.386594394853346,1.9135135135135135,4.609647383682255
1.9148148148148145,6.0880953304307095,1.9148148148148145,5.423852276285634,1.9148148148148145,4.657899816935097
1.916116116116116,6.073592574058142,1.916116116116116,5.463071912375658,1.916116116116116,4.6697055164422645
1.9174174174174174,6.077169517853585,1.9174174174174174,5.495919684436486,1.9174174174174174,4.6787124522995365
1.9187187187187185,6.131946271109965,1.9187187187187185,5.514280846782143,1.9187187187187185,4.686167379501965
1.92002002002002,6.1419389347174524,1.92002002002002,5.52818984046521,1.92002002002002,4.714448197447359
1.9213213213213212,6.135656859660029,1.9213213213213212,5.53794753585052,1.9213213213213212,4.725249264328491
1.9226226226226224,6.137835853516241,1.9226226226226224,5.5494594312323455,1.9226226226226224,4.753210274310484
1.9239239239239239,6.132627773813026,1.9239239239239239,5.564269277030346,1.9239239239239239,4.7372364916211
1.925225225225225,6.142150319698166,1.925225225225225,5.585753059667442,1.925225225225225,4.716637336386576
1.9265265265265263,6.1528114499910505,1.9265265265265263,5.617283539515927,1.9265265265265263,4.725205951795239
1.9278278278278278,6.176706096760587,1.9278278278278278,5.640782440761065,1.9278278278278278,4.741870266406331
1.929129129129129,6.207656952922521,1.929129129129129,5.639783267411634,1.929129129129129,4.727030199383913
1.9304304304304303,6.224342858302613,1.9304304304304303,5.643403033225657,1.9304304304304303,4.719317957495463
1.9317317317317317,6.227490039060838,1.9317317317317317,5.643194547823749,1.9317317317317317,4.732327946239012
1.9330330330330328,6.21020644028507,1.9330330330330328,5.649270731401239,1.9330330330330328,4.7685949165924155
1.9343343343343342,6.18551766724051,1.9343343343343342,5.656031750759634,1.9343343343343342,4.779178175305107
1.9356356356356355,6.1749350969154015,1.9356356356356355,5.6633992675135545,1.9356356356356355,4.789797585069854
1.9369369369369367,6.178216798115384,1.9369369369369367,5.690160668238019,1.9369369369369367,4.826568394799837
1.9382382382382382,6.173352913704276,1.9382382382382382,5.697350340181331,1.9382382382382382,4.8280278067325
1.9395395395395394,6.163324785448049,1.9395395395395394,5.690118145896247,1.9395395395395394,4.798648765166409
1.9408408408408406,6.167532412258119,1.9408408408408406,5.677349940822592,1.9408408408408406,4.78992081072777
1.942142142142142,6.167805520662156,1.942142142142142,5.674878494038917,1.942142142142142,4.80487683693149
1.9434434434434433,6.1690989792688455,1.9434434434434433,5.667011260695607,1.9434434434434433,4.814039817373252
1.9447447447447446,6.190472763933809,1.9447447447447446,5.675346843925468,1.9447447447447446,4.817222586145062
1.946046046046046,6.2101132035120985,1.946046046046046,5.689938034661439,1.946046046046046,4.790487998510477
1.9473473473473473,6.250280243388533,1.9473473473473473,5.701216958325933,1.9473473473473473,4.778950897852456
1.9486486486486485,6.287594320664037,1.9486486486486485,5.712043696788336,1.9486486486486485,4.786374863807766
1.94994994994995,6.311563845183868,1.94994994994995,5.718999246030382,1.94994994994995,4.820918148244739
1.951251251251251,6.31813352646034,1.951251251251251,5.726990929990806,1.951251251251251,4.880644993708755
1.9525525525525524,6.307432848951645,1.9525525525525524,5.740467908485317,1.9525525525525524,4.910306425266021
1.9538538538538537,6.337213277582116,1.9538538538538537,5.75198711274668,1.9538538538538537,4.909626123508549
1.955155155155155,6.356672166913775,1.955155155155155,5.770739202839683,1.955155155155155,4.896708146333357
1.9564564564564564,6.390438251348233,1.9564564564564564,5.792993789248249,1.9564564564564564,4.934362583969711
1.9577577577577576,6.402033264332279,1.9577577577577576,5.815130407911604,1.9577577577577576,4.95368274318669
1.9590590590590589,6.406964297400744,1.9590590590590589,5.8028097361986335,1.9590590590590589,4.937701488668473
1.9603603603603603,6.411594999361083,1.9603603603603603,5.783147327348103,1.9603603603603603,4.921240374492696
1.9616616616616616,6.422361391516271,1.9616616616616616,5.775312701827588,1.9616616616616616,4.9201815809280784
1.9629629629629628,6.427379195217654,1.9629629629629628,5.776274749835298,1.9629629629629628,4.925218522944934
1.9642642642642643,6.4310247233317845,1.9642642642642643,5.777002850103698,1.9642642642642643,4.921838666642401
1.9655655655655653,6.439261727852102,1.9655655655655653,5.794281916145661,1.9655655655655653,4.933472686184447
1.9668668668668667,6.4557988425481,1.9668668668668667,5.807788101849336,1.9668668668668667,4.929833374130487
1.968168168168168,6.476658235665382,1.968168168168168,5.816897263157866,1.968168168168168,4.9286571910980745
1.9694694694694692,6.496184291914324,1.9694694694694692,5.829250016164612,1.9694694694694692,4.953129099619952
1.9707707707707707,6.501222894617849,1.9707707707707707,5.840362924114096,1.9707707707707707,4.989371177087655
1.972072072072072,6.508567480134982,1.972072072072072,5.844132515296891,1.972072072072072,5.010814665024769
1.9733733733733732,6.517124596252446,1.9733733733733732,5.838111486681874,1.9733733733733732,4.992881213340439
1.9746746746746746,6.505886496612128,1.9746746746746746,5.825576459865425,1.9746746746746746,4.97690110296287
1.9759759759759759,6.492977024708896,1.9759759759759759,5.80966329622165,1.9759759759759759,5.00410324663376
1.977277277277277,6.476825118098389,1.977277277277277,5.7999683208134805,1.977277277277277,5.005714585341229
1.9785785785785786,6.4681374093633135,1.9785785785785786,5.791938233081038,1.9785785785785786,5.009083448471995
1.9798798798798798,6.456716269311379,1.9798798798798798,5.779037362464202,1.9798798798798798,4.999666657274984
1.981181181181181,6.4418474192259865,1.981181181181181,5.771075929926204,1.981181181181181,4.986996736494934
1.9824824824824825,6.435063242678172,1.9824824824824825,5.77022652890784,1.9824824824824825,4.978050249804301
1.9837837837837835,6.4285265547972825,1.9837837837837835,5.77035070985206,1.9837837837837835,4.988627673168251
1.985085085085085,6.438988627185715,1.985085085085085,5.780780254535024,1.985085085085085,4.9844324005084575
1.9863863863863862,6.451846055030826,1.9863863863863862,5.793824777797941,1.9863863863863862,4.9988527623017
1.9876876876876874,6.451213651969106,1.9876876876876874,5.8188827371729275,1.9876876876876874,5.022319815203902
1.988988988988989,6.440358943570179,1.988988988988989,5.838500008265168,1.988988988988989,5.034792829367353
1.9902902902902901,6.40969627392322,1.9902902902902901,5.852407893920248,1.9902902902902901,5.022996535386946
1.9915915915915914,6.387875380250911,1.9915915915915914,5.86353956238919,1.9915915915915914,5.011561832939995
1.9928928928928928,6.372288136086684,1.9928928928928928,5.86085753055071,1.9928928928928928,4.99096920705539
1.994194194194194,6.376212920461292,1.994194194194194,5.852536872884877,1.994194194194194,5.0010110021385685
1.9954954954954953,6.412491914345412,1.9954954954954953,5.840939346386224,1.9954954954954953,5.019584570606378
1.9967967967967968,6.464145002544393,1.9967967967967968,5.843216632076029,1.9967967967967968,5.029140858420648
1.9980980980980978,6.510711062080178,1.9980980980980978,5.860266141619436,1.9980980980980978,5.0345242782646755
1.9993993993993993,6.55390194254187,1.9993993993993993,5.884188551681099,1.9993993993993993,5.041421536307051
2.0007007007007003,6.57379705437266,2.0007007007007003,5.917959180216612,2.0007007007007003,5.056168157728239
2.002002002002002,6.591143320936318,2.002002002002002,5.956053474538404,2.002002002002002,5.082590249718149
2.003303303303303,6.587576888151401,2.003303303303303,5.989905052001149,2.003303303303303,5.086157613894245
2.004604604604604,6.5643947596899626,2.004604604604604,6.024045617596407,2.004604604604604,5.079579269733358
2.0059059059059057,6.520972123779842,2.0059059059059057,6.044851725021696,2.0059059059059057,5.063267874114504
2.007207207207207,6.489260419038131,2.007207207207207,6.051959580498548,2.007207207207207,5.0655079108878285
2.008508508508508,6.497361320017104,2.008508508508508,6.065479655836934,2.008508508508508,5.0808970976883145
2.0098098098098096,6.497179675191314,2.0098098098098096,6.080468421008792,2.0098098098098096,5.049614982341576
2.011111111111111,6.494189754098794,2.011111111111111,6.092545398802817,2.011111111111111,5.01177100185267
2.012412412412412,6.511964099188303,2.012412412412412,6.090878873678243,2.012412412412412,5.026917709002092
2.0137137137137135,6.543697971943476,2.0137137137137135,6.073685352242578,2.0137137137137135,5.028371342063653
2.015015015015015,6.579099320763191,2.015015015015015,6.055783191224812,2.015015015015015,5.005846223406794
2.016316316316316,6.612396016366817,2.016316316316316,6.032078338963168,2.016316316316316,5.0086741863337405
2.0176176176176175,6.627458011263457,2.0176176176176175,6.023316253007472,2.0176176176176175,5.024295513989808
2.018918918918919,6.630065609782364,2.018918918918919,6.0190168760582425,2.018918918918919,5.065404108894466
2.02022022022022,6.611542092795648,2.02022022022022,6.023502833341914,2.02022022022022,5.1082284813715075
2.0215215215215214,6.598419735836813,2.0215215215215214,6.037449404260983,2.0215215215215214,5.102566164794526
2.022822822822823,6.583279124068618,2.022822822822823,6.049587412763475,2.022822822822823,5.096049327863247
2.024124124124124,6.56598116383296,2.024124124124124,6.0534228766810445,2.024124124124124,5.092395350434937
2.0254254254254254,6.551217808819966,2.0254254254254254,6.049909143087574,2.0254254254254254,5.111384063447202
2.026726726726727,6.546895748763502,2.026726726726727,6.0414597828966405,2.026726726726727,5.113135177270317
2.028028028028028,6.55472296821899,2.028028028028028,6.032783258510726,2.028028028028028,5.087911263910351
2.029329329329329,6.582485225568996,2.029329329329329,6.027701573406978,2.029329329329329,5.063007528692141
2.0306306306306308,6.613559408408387,2.0306306306306308,6.030651513353145,2.0306306306306308,5.0670078945985075
2.031931931931932,6.649646421372175,2.031931931931932,6.034298349766485,2.031931931931932,5.102012040229795
2.033233233233233,6.666125273999531,2.033233233233233,6.044807309245164,2.033233233233233,5.144329901517818
2.0345345345345347,6.691179889714402,2.0345345345345347,6.058424558639618,2.0345345345345347,5.169737170681175
2.0358358358358357,6.70859146903943,2.0358358358358357,6.064840979528804,2.0358358358358357,5.163212940453592
2.0371371371371367,6.725983326681432,2.0371371371371367,6.067865612977677,2.0371371371371367,5.17106663415175
2.038438438438438,6.7439975022523555,2.038438438438438,6.067170749029557,2.038438438438438,5.180259864237661
2.0397397397397397,6.761906851854849,2.0397397397397397,6.066069944636513,2.0397397397397397,5.177817152558089
2.0410410410410407,6.7682785636071285,2.0410410410410407,6.049123525605084,2.0410410410410407,5.165146273141041
2.042342342342342,6.769552794474032,2.042342342342342,6.0519855190311285,2.042342342342342,5.154052132444176
2.0436436436436436,6.761052368209471,2.0436436436436436,6.053134085650071,2.0436436436436436,5.158451598183229
2.0449449449449446,6.758807196851495,2.0449449449449446,6.05204250501269,2.0449449449449446,5.153842866863859
2.046246246246246,6.768647026017356,2.046246246246246,6.048132004653709,2.046246246246246,5.163277358180795
2.0475475475475475,6.780880538970033,2.0475475475475475,6.05531361995876,2.0475475475475475,5.172878115556987
2.0488488488488485,6.8012352284586415,2.0488488488488485,6.061415349139467,2.0488488488488485,5.161477904335679
2.05015015015015,6.823248906374112,2.05015015015015,6.082221735936336,2.05015015015015,5.155969537323767
2.0514514514514515,6.846988250425714,2.0514514514514515,6.117667696703791,2.0514514514514515,5.196378922169737
2.0527527527527525,6.857775535302848,2.0527527527527525,6.155533381949325,2.0527527527527525,5.229520183468939
2.054054054054054,6.840688632083317,2.054054054054054,6.195678316980522,2.054054054054054,5.246440965650153
2.0553553553553554,6.812575743087585,2.0553553553553554,6.223568655929426,2.0553553553553554,5.2552628638534555
2.0566566566566564,6.815170179376983,2.0566566566566564,6.2419102114066485,2.0566566566566564,5.281940418541046
2.057957957957958,6.845032130926173,2.057957957957958,6.252746938958144,2.057957957957958,5.310683388496807
2.0592592592592593,6.8774460771891395,2.0592592592592593,6.260388657238259,2.0592592592592593,5.291934577303804
2.0605605605605604,6.910327151142938,2.0605605605605604,6.261674946171186,2.0605605605605604,5.244566615478195
2.061861861861862,6.944028463686878,2.061861861861862,6.247462694598261,2.061861861861862,5.2518769877396245
2.0631631631631633,6.951422485692036,2.0631631631631633,6.214498211275374,2.0631631631631633,5.267530320473295
2.0644644644644643,6.945464582715961,2.0644644644644643,6.1858162554661265,2.0644644644644643,5.302789076153938
2.0657657657657653,6.908851744963072,2.0657657657657653,6.167176852546606,2.0657657657657653,5.338825304251394
2.067067067067067,6.856914468892207,2.067067067067067,6.1507686380665065,2.067067067067067,5.323894490065666
2.0683683683683682,6.815829118124015,2.0683683683683682,6.140173912903023,2.0683683683683682,5.312493173539673
2.0696696696696693,6.810919508674882,2.0696696696696693,6.1380277112258215,2.0696696696696693,5.304073433444985
2.0709709709709707,6.830931960009369,2.0709709709709707,6.136826144240362,2.0709709709709707,5.3208091597219775
2.072272272272272,6.868747427363974,2.072272272272272,6.12633834941371,2.072272272272272,5.347378774639624
2.073573573573573,6.9189479834675645,2.073573573573573,6.11877331840493,2.073573573573573,5.3508686373387055
2.0748748748748747,6.973381113237222,2.0748748748748747,6.116200275189332,2.0748748748748747,5.367685050424759
2.076176176176176,6.979902131480232,2.076176176176176,6.123747530608287,2.076176176176176,5.379943270754174
2.077477477477477,6.969106548079975,2.077477477477477,6.134092957579043,2.077477477477477,5.397094259750143
2.0787787787787786,6.949903176812132,2.0787787787787786,6.145008148803804,2.0787787787787786,5.3953133793584325
2.08008008008008,6.944826355831761,2.08008008008008,6.149769438207652,2.08008008008008,5.372758457150593
2.081381381381381,6.945836261111164,2.081381381381381,6.153546333679462,2.081381381381381,5.3753868067303054
2.0826826826826825,6.974549763937757,2.0826826826826825,6.153719679296514,2.0826826826826825,5.420614191903418
2.083983983983984,6.998259469608347,2.083983983983984,6.1420825113916635,2.083983983983984,5.428065563403086
2.085285285285285,7.009257611553535,2.085285285285285,6.112077477761353,2.085285285285285,5.420378721600699
2.0865865865865865,7.034468010983876,2.0865865865865865,6.079864663680517,2.0865865865865865,5.385286589147776
2.087887887887888,7.108437465560656,2.087887887887888,6.051173563396901,2.087887887887888,5.3945035416318605
2.089189189189189,7.174695924500355,2.089189189189189,6.052464720344784,2.089189189189189,5.422467202261648
2.0904904904904904,7.214153200436089,2.0904904904904904,6.067928735543099,2.0904904904904904,5.426701003708063
2.091791791791792,7.213350487234217,2.091791791791792,6.086238037802498,2.091791791791792,5.391392004538399
2.093093093093093,7.200640461287925,2.093093093093093,6.096476474311618,2.093093093093093,5.398429739718912
2.0943943943943943,7.177316971877456,2.0943943943943943,6.098694526748307,2.0943943943943943,5.398608939156365
2.095695695695696,7.150841440160548,2.095695695695696,6.106941067952563,2.095695695695696,5.40788425705974
2.096996996996997,7.127358570582171,2.096996996996997,6.118305181931938,2.096996996996997,5.424133180842989
2.098298298298298,7.119469370669712,2.098298298298298,6.128926748728673,2.098298298298298,5.443401038501257
2.0995995995995997,7.11910961072543,2.0995995995995997,6.129336471640625,2.0995995995995997,5.438887961590752
2.1009009009009008,7.121279468509498,2.1009009009009008,6.125922928344029,2.1009009009009008,5.46441469724372
2.1022022022022018,7.124601101128112,2.1022022022022018,6.1237650863076105,2.1022022022022018,5.486840411807769
2.1035035035035032,7.110456093512095,2.1035035035035032,6.1353670207994595,2.1035035035035032,5.5081688562731514
2.1048048048048047,7.104800379294901,2.1048048048048047,6.175333927760279,2.1048048048048047,5.5007318713427775
2.1061061061061057,7.109460419054753,2.1061061061061057,6.214240067918422,2.1061061061061057,5.456905410767341
2.107407407407407,7.105730197503906,2.107407407407407,6.24657957988818,2.107407407407407,5.423238284258029
2.1087087087087086,7.109023486159738,2.1087087087087086,6.236627300827088,2.1087087087087086,5.423614894275543
2.1100100100100097,7.129930813046016,2.1100100100100097,6.228155773643816,2.1100100100100097,5.4617356683688785
2.111311311311311,7.121750983839023,2.111311311311311,6.208026943631483,2.111311311311311,5.487416669838984
2.1126126126126126,7.114860807733673,2.1126126126126126,6.187813261996226,2.1126126126126126,5.50380618476864
2.1139139139139136,7.100426254748859,2.1139139139139136,6.178233536094301,2.1139139139139136,5.522432979966804
2.115215215215215,7.094352286964078,2.115215215215215,6.161667012906218,2.115215215215215,5.505332113520133
2.1165165165165165,7.106547505302741,2.1165165165165165,6.1493078479182905,2.1165165165165165,5.4691204932207755
2.1178178178178175,7.125089056941957,2.1178178178178175,6.141314273625234,2.1178178178178175,5.447659642419428
2.119119119119119,7.133965667572499,2.119119119119119,6.142776896633382,2.119119119119119,5.4641235321384505
2.1204204204204204,7.137807462912069,2.1204204204204204,6.1523120993635665,2.1204204204204204,5.4940165582049225
2.1217217217217215,7.121063661807715,2.1217217217217215,6.164448067363761,2.1217217217217215,5.508333423106786
2.123023023023023,7.106799737163725,2.123023023023023,6.168957162875151,2.123023023023023,5.525355601916082
2.1243243243243244,7.115460347154551,2.1243243243243244,6.173766247201385,2.1243243243243244,5.538131366452566
2.1256256256256254,7.146528185653703,2.1256256256256254,6.178016374517345,2.1256256256256254,5.562841902104158
2.126926926926927,7.177652972803351,2.126926926926927,6.1897076823166834,2.126926926926927,5.586776436896968
2.1282282282282283,7.201771704899631,2.1282282282282283,6.2220894463053815,2.1282282282282283,5.609234882831675
2.1295295295295293,7.2200141600614645,2.1295295295295293,6.238648247494907,2.1295295295295293,5.585310752187212
2.1308308308308304,7.22963511436936,2.1308308308308304,6.247724028124477,2.1308308308308304,5.569808878941723
2.1321321321321323,7.221503512808994,2.1321321321321323,6.227814012266784,2.1321321321321323,5.570422152118115
2.1334334334334333,7.217454856535293,2.1334334334334333,6.203609006965562,2.1334334334334333,5.585586502080102
2.1347347347347343,7.2111143613506625,2.1347347347347343,6.161357021377974,2.1347347347347343,5.562009011212046
2.136036036036036,7.2144905316065016,2.136036036036036,6.13492506411216,2.136036036036036,5.559785649991764
2.137337337337337,7.223384236946741,2.137337337337337,6.1419877728294265,2.137337337337337,5.574868836836483
2.1386386386386382,7.246700498788931,2.1386386386386382,6.163109261455733,2.1386386386386382,5.564452266857712
2.1399399399399397,7.267944918150812,2.1399399399399397,6.1867229998703515,2.1399399399399397,5.568388303373247
2.141241241241241,7.290671773896776,2.141241241241241,6.225064860153126,2.141241241241241,5.598747452808313
2.142542542542542,7.312089451129024,2.142542542542542,6.26584198902126,2.142542542542542,5.605256324621093
2.1438438438438436,7.330126997034608,2.1438438438438436,6.300236550934186,2.1438438438438436,5.59988763782452
2.145145145145145,7.344767472502916,2.145145145145145,6.32841438094933,2.145145145145145,5.609756100912647
2.146446446446446,7.3500577320119636,2.146446446446446,6.355911203082641,2.146446446446446,5.63284402366556
2.1477477477477476,7.350228119494031,2.1477477477477476,6.382200793051839,2.1477477477477476,5.669603166530414
2.149049049049049,7.363830818381485,2.149049049049049,6.401894341998016,2.149049049049049,5.700634600596081
2.15035035035035,7.382415825530292,2.15035035035035,6.415917991879323,2.15035035035035,5.692360510760418
2.1516516516516515,7.412755798299056,2.1516516516516515,6.407324446842729,2.1516516516516515,5.678247781801947
2.152952952952953,7.446336843037286,2.152952952952953,6.398427132792495,2.152952952952953,5.658619871321084
2.154254254254254,7.463143790402872,2.154254254254254,6.385006961972042,2.154254254254254,5.66167938134285
2.1555555555555554,7.47215386226607,2.1555555555555554,6.36073467483729,2.1555555555555554,5.654086448276719
2.156856856856857,7.465315996466757,2.156856856856857,6.3404157901741245,2.156856856856857,5.693955603875683
2.158158158158158,7.464133412893165,2.158158158158158,6.326824007853953,2.158158158158158,5.711390455708097
2.1594594594594594,7.459287182008736,2.1594594594594594,6.318956453095692,2.1594594594594594,5.698788250739838
2.160760760760761,7.466338945255798,2.160760760760761,6.327631539435974,2.160760760760761,5.703462891327912
2.162062062062062,7.491428399221553,2.162062062062062,6.339153846464449,2.162062062062062,5.722095559299203
2.163363363363363,7.509452529785719,2.163363363363363,6.352638926364563,2.163363363363363,5.6932583601518925
2.164664664664665,7.521878729929352,2.164664664664665,6.367220842392595,2.164664664664665,5.681337249608627
2.165965965965966,7.526522304437202,2.165965965965966,6.384327906415428,2.165965965965966,5.682247673042198
2.167267267267267,7.535220835678598,2.167267267267267,6.399780049700002,2.167267267267267,5.6942637461875165
2.1685685685685687,7.539872092273649,2.1685685685685687,6.401704938004503,2.1685685685685687,5.7013589900210535
2.1698698698698697,7.565146562691783,2.1698698698698697,6.404019621454734,2.1698698698698697,5.737398654417138
2.1711711711711708,7.590861312063307,2.1711711711711708,6.404991392898154,2.1711711711711708,5.77102140508852
2.172472472472472,7.6068785379982655,2.172472472472472,6.415904087980546,2.172472472472472,5.780471483864753
2.1737737737737737,7.599024016745352,2.1737737737737737,6.426668898240197,2.1737737737737737,5.772996544701096
2.1750750750750747,7.5899239827372575,2.1750750750750747,6.430844906145997,2.1750750750750747,5.774245281341104
2.176376376376376,7.55797846850324,2.176376376376376,6.41696391814662,2.176376376376376,5.758878509341503
2.1776776776776776,7.519867603039485,2.1776776776776776,6.405737959827462,2.1776776776776776,5.753547467901782
2.1789789789789786,7.480914293158295,2.1789789789789786,6.392728779247598,2.1789789789789786,5.743110063053516
2.18028028028028,7.463268901008877,2.18028028028028,6.385538946147918,2.18028028028028,5.759204667913465
2.1815815815815816,7.452806119028434,2.1815815815815816,6.381678902195918,2.1815815815815816,5.766519586113607
2.1828828828828826,7.466623501230156,2.1828828828828826,6.382177109775161,2.1828828828828826,5.7652631025042345
2.184184184184184,7.483127983214356,2.184184184184184,6.390117116694349,2.184184184184184,5.752594519752505
2.1854854854854855,7.513351071968963,2.1854854854854855,6.402283658934857,2.1854854854854855,5.769971511302996
2.1867867867867865,7.544910311210776,2.1867867867867865,6.414759473380577,2.1867867867867865,5.7941266974185215
2.188088088088088,7.572909719286731,2.188088088088088,6.431344800169609,2.188088088088088,5.782103763047018
2.1893893893893894,7.587994708309066,2.1893893893893894,6.4537191985706555,2.1893893893893894,5.775428539325064
2.1906906906906904,7.595132194858928,2.1906906906906904,6.463609233473839,2.1906906906906904,5.776060289662
2.191991991991992,7.601717460070272,2.191991991991992,6.469754325429439,2.191991991991992,5.8203073951180935
2.1932932932932934,7.605320336382211,2.1932932932932934,6.480429213064203,2.1932932932932934,5.827280556460892
2.1945945945945944,7.603726285956277,2.1945945945945944,6.500873775557122,2.1945945945945944,5.8500971476742
2.1958958958958954,7.602161556057181,2.1958958958958954,6.527914423683185,2.1958958958958954,5.860526283858216
2.1971971971971973,7.574995668322785,2.1971971971971973,6.557203053312047,2.1971971971971973,5.86360856487549
2.1984984984984983,7.54922835472851,2.1984984984984983,6.56426008377267,2.1984984984984983,5.83283610613846
2.1997997997997993,7.546862519748716,2.1997997997997993,6.55201424427434,2.1997997997997993,5.814346013046892
2.2011011011011012,7.556484142131315,2.2011011011011012,6.529699138405768,2.2011011011011012,5.8198105977926025
2.2024024024024023,7.561789718484337,2.2024024024024023,6.504154792678406,2.2024024024024023,5.854392025441678
2.2037037037037033,7.569941567159243,2.2037037037037033,6.47738668451415,2.2037037037037033,5.88185435886923
2.2050050050050047,7.580825860864537,2.2050050050050047,6.469520481973969,2.2050050050050047,5.880205923125104
2.206306306306306,7.586589792526354,2.206306306306306,6.475367327659227,2.206306306306306,5.885406447748335
2.207607607607607,7.594804636277887,2.207607607607607,6.487286925306307,2.207607607607607,5.885876527348353
2.2089089089089087,7.583406690256164,2.2089089089089087,6.51167533382534,2.2089089089089087,5.867165344222346
2.21021021021021,7.586077261400743,2.21021021021021,6.532498690473904,2.21021021021021,5.871465010979213
2.211511511511511,7.59340391644351,2.211511511511511,6.549750162679113,2.211511511511511,5.888008217947248
2.2128128128128126,7.596398312990183,2.2128128128128126,6.560929884346187,2.2128128128128126,5.886860206592736
2.214114114114114,7.597957440567253,2.214114114114114,6.56768837654652,2.214114114114114,5.869837674489732
2.215415415415415,7.5851674802801305,2.215415415415415,6.561097781933888,2.215415415415415,5.864094463987986
2.2167167167167166,7.561454160031392,2.2167167167167166,6.534585906236984,2.2167167167167166,5.908126071642276
2.218018018018018,7.53735047454078,2.218018018018018,6.50854069938364,2.218018018018018,5.948809993561723
2.219319319319319,7.536223230410482,2.219319319319319,6.494766531357637,2.219319319319319,5.931178909670352
2.2206206206206205,7.575275977698509,2.2206206206206205,6.482251019542164,2.2206206206206205,5.924242870739595
2.221921921921922,7.622116812183441,2.221921921921922,6.489410790539246,2.221921921921922,5.9041590492698806
2.223223223223223,7.673131293750551,2.223223223223223,6.518094144805306,2.223223223223223,5.940746647993395
2.2245245245245244,7.720030235220399,2.2245245245245244,6.551431026114709,2.2245245245245244,5.970619396760422
2.225825825825826,7.75910960123066,2.225825825825826,6.586714386161813,2.225825825825826,5.963775773425416
2.227127127127127,7.796785181400258,2.227127127127127,6.617571245515425,2.227127127127127,5.935440349419361
2.2284284284284284,7.805063704052115,2.2284284284284284,6.631582324745605,2.2284284284284284,5.923016312407112
2.22972972972973,7.80295474777465,2.22972972972973,6.6369115433867725,2.22972972972973,5.924709144054834
2.231031031031031,7.789940503347722,2.231031031031031,6.634346224416507,2.231031031031031,5.939426562819929
2.232332332332332,7.771550301627493,2.232332332332332,6.620222367149062,2.232332332332332,5.945145330885213
2.2336336336336338,7.763650230921121,2.2336336336336338,6.5873735377132805,2.2336336336336338,5.949749881376124
2.234934934934935,7.761119947921969,2.234934934934935,6.565646318104907,2.234934934934935,5.957116545441504
2.236236236236236,7.76457729104759,2.236236236236236,6.563232151106367,2.236236236236236,5.966190170192935
2.2375375375375373,7.779084727791366,2.2375375375375373,6.565646343776628,2.2375375375375373,6.010937400882042
2.2388388388388387,7.793824935991688,2.2388388388388387,6.601600602507219,2.2388388388388387,6.017686567428838
2.2401401401401397,7.812036464814427,2.2401401401401397,6.6431354115639,2.2401401401401397,6.026535266725233
2.241441441441441,7.827016525662845,2.241441441441441,6.68503581438388,2.241441441441441,6.068561951928351
2.2427427427427427,7.831994152356087,2.2427427427427427,6.735961626536469,2.2427427427427427,6.046027486143054
2.2440440440440437,7.826413124354081,2.2440440440440437,6.784112429994991,2.2440440440440437,6.004169939853555
2.245345345345345,7.824913825935415,2.245345345345345,6.808729048500406,2.245345345345345,5.9376928957488095
2.2466466466466466,7.831731644968136,2.2466466466466466,6.824263939147607,2.2466466466466466,5.882399179191606
2.2479479479479476,7.840510824038708,2.2479479479479476,6.818521514597726,2.2479479479479476,5.912287660813487
2.249249249249249,7.858438636504625,2.249249249249249,6.819241539285142,2.249249249249249,5.955505425560446
2.2505505505505505,7.888589443268634,2.2505505505505505,6.830046667654218,2.2505505505505505,5.935907823185474
2.2518518518518515,7.915049424669372,2.2518518518518515,6.848462050396815,2.2518518518518515,5.9176724193091985
2.253153153153153,7.898821148388311,2.253153153153153,6.872741075594225,2.253153153153153,5.932649427799394
2.2544544544544545,7.882905131259106,2.2544544544544545,6.8824955250566475,2.2544544544544545,5.933422298385201
2.2557557557557555,7.896853975898824,2.2557557557557555,6.881192934159652,2.2557557557557555,5.943394288812813
2.257057057057057,7.9403160528232535,2.257057057057057,6.874744423337418,2.257057057057057,5.958448862958291
2.2583583583583584,7.977518402490423,2.2583583583583584,6.856609576770009,2.2583583583583584,5.959810178803694
2.2596596596596594,7.997200634950956,2.2596596596596594,6.848170481538555,2.2596596596596594,5.949912747457992
2.260960960960961,8.006842829741531,2.260960960960961,6.851651291043143,2.260960960960961,5.965609360812318
2.2622622622622623,8.01545302873781,2.2622622622622623,6.858658450432863,2.2622622622622623,5.991885011777155
2.2635635635635634,8.020624199721462,2.2635635635635634,6.855078280523164,2.2635635635635634,5.983885709727453
2.2648648648648644,8.027338128674199,2.2648648648648644,6.855324982744141,2.2648648648648644,5.958672788012122
2.2661661661661663,8.027725489970821,2.2661661661661663,6.846637498336489,2.2661661661661663,5.957828464318383
2.2674674674674673,8.029504704148765,2.2674674674674673,6.839213188718216,2.2674674674674673,6.000421167474873
2.2687687687687683,8.027952058353918,2.2687687687687683,6.84836986439532,2.2687687687687683,6.024114335169521
2.27007007007007,8.031467828909468,2.27007007007007,6.85322472528419,2.27007007007007,6.047369821985673
2.2713713713713712,8.027344493149261,2.2713713713713712,6.861001963007099,2.2713713713713712,6.047594907232098
2.2726726726726723,8.028471884819588,2.2726726726726723,6.867830411912533,2.2726726726726723,6.0615597418012275
2.2739739739739737,8.03921030089362,2.2739739739739737,6.881130202645547,2.2739739739739737,6.067813409510071
2.275275275275275,8.044190302144223,2.275275275275275,6.890512890091422,2.275275275275275,6.049251298974995
2.276576576576576,8.048175244757573,2.276576576576576,6.896269662447803,2.276576576576576,5.997816702637273
2.2778778778778777,8.051493720765292,2.2778778778778777,6.8965279480088775,2.2778778778778777,5.972528151185101
2.279179179179179,8.052411448952187,2.279179179179179,6.8903046263208205,2.279179179179179,5.963859709175809
2.28048048048048,8.045087974829537,2.28048048048048,6.87513588125298,2.28048048048048,5.972210059258428
2.2817817817817816,8.04638075063346,2.2817817817817816,6.86027101713188,2.2817817817817816,6.002839380275843
2.283083083083083,8.051700075498966,2.283083083083083,6.846553580990082,2.283083083083083,6.012041657255748
2.284384384384384,8.057924499048664,2.284384384384384,6.833610721962619,2.284384384384384,6.013364037162606
2.2856856856856855,8.064659726610584,2.2856856856856855,6.843805207350645,2.2856856856856855,6.034598847951309
2.286986986986987,8.067130104662468,2.286986986986987,6.838504514116059,2.286986986986987,6.0483165916656905
2.288288288288288,8.06619860422994,2.288288288288288,6.828174129989314,2.288288288288288,6.02208390436171
2.2895895895895895,8.059424089943633,2.2895895895895895,6.819597544704883,2.2895895895895895,5.991985692682381
2.290890890890891,8.049043526964704,2.290890890890891,6.829426592945133,2.290890890890891,5.9885215184796525
2.292192192192192,8.044510835863324,2.292192192192192,6.850390547909554,2.292192192192192,6.011615701672873
2.2934934934934934,8.044375543114864,2.2934934934934934,6.871786832464924,2.2934934934934934,6.0563108683900335
2.294794794794795,8.061319774396871,2.294794794794795,6.89333030520686,2.294794794794795,6.1154063760125235
2.296096096096096,8.083230304023779,2.296096096096096,6.921289383835479,2.296096096096096,6.091790359938688
2.297397397397397,8.101818240239227,2.297397397397397,6.935019598368004,2.297397397397397,6.0669565553844045
2.298698698698699,8.111361938657051,2.298698698698699,6.9427585217968195,2.298698698698699,6.067630703574659
2.3,8.124916337834204,2.3,6.954303371390836,2.3,6.083199545070472
